pdbid,species,chain,unp,transcript,seqres,aa1,x,y,z,start,end,chr,strand
3P5B,HUMAN,A,Q8NBP7,ENST00000302118,153,S,19.9733333333,-39.9781666667,-40.041,55512250,55512252,1,1
3P5B,HUMAN,A,Q8NBP7,ENST00000302118,154,I,18.404875,-36.315125,-42.92725,55512253,55512255,1,1
3P5B,HUMAN,A,Q8NBP7,ENST00000302118,155,P,21.5247142857,-35.0174285714,-40.2517142857,55512256,55512258,1,1
3P5B,HUMAN,A,Q8NBP7,ENST00000302118,156,W,21.8762142857,-29.5402142857,-43.3141428571,55512259,55512261,1,1
3P5B,HUMAN,A,Q8NBP7,ENST00000302118,157,N,24.5125,-31.081375,-40.6395,55512262,55512264,1,1
3P5B,HUMAN,A,Q8NBP7,ENST00000302118,158,L,26.4965,-34.498125,-40.658875,55512265,55512267,1,1
3P5B,HUMAN,A,Q8NBP7,ENST00000302118,159,E,25.2353333333,-36.3021111111,-46.087,55512268,55512270,1,1
3P5B,HUMAN,A,Q8NBP7,ENST00000302118,160,R,27.3969090909,-30.6250909091,-48.0165454545,55512271,55512273,1,1
3P5B,HUMAN,A,Q8NBP7,ENST00000302118,161,I,30.25225,-32.641125,-43.516875,55512274,55512276,1,1
3P5B,HUMAN,A,Q8NBP7,ENST00000302118,162,T,30.0962857143,-36.3908571429,-46.1605714286,55512277,55512279,1,1
3P5B,HUMAN,A,Q8NBP7,ENST00000302118,163,P,33.083,-37.0881428571,-48.3491428571,55512280,55512282,1,1
3P5B,HUMAN,A,Q8NBP7,ENST00000302118,164,P,31.5335714286,-38.6768571429,-51.7207142857,55512283,55512285,1,1
3P5B,HUMAN,A,Q8NBP7,ENST00000302118,165,R,36.3070909091,-40.7135454545,-51.7036363636,55512286,55512288,1,1
3P5B,HUMAN,A,Q8NBP7,ENST00000302118,166,Y,34.0431666667,-41.5725,-44.4505,55512289,55512291,1,1
3P5B,HUMAN,A,Q8NBP7,ENST00000302118,167,R,38.1431818182,-45.3876363636,-46.1365454545,55512292,55512294,1,1
3P5B,HUMAN,A,Q8NBP7,ENST00000302118,168,A,35.2914,-44.5432,-41.6286,55512295,55512297,1,1
3P5B,HUMAN,A,Q8NBP7,ENST00000302118,169,D,37.4845,-47.627625,-42.051875,55512298,55512300,1,1
3P5B,HUMAN,A,Q8NBP7,ENST00000302118,170,E,41.3098888889,-43.84,-42.1921111111,55512301,55512303,1,1
3P5B,HUMAN,A,Q8NBP7,ENST00000302118,171,Y,39.3466666667,-40.7835833333,-39.7606666667,55512304,55512306,1,1
3P5B,HUMAN,A,Q8NBP7,ENST00000302118,172,Q,40.7066666667,-45.7718888889,-36.0392222222,55512307,55512309,1,1
3P5B,HUMAN,A,Q8NBP7,ENST00000302118,179,L,44.914625,-38.552125,-29.289375,55517959,55517961,1,1
3P5B,HUMAN,A,Q8NBP7,ENST00000302118,180,V,42.6702857143,-34.9514285714,-29.7487142857,55517962,55517964,1,1
3P5B,HUMAN,A,Q8NBP7,ENST00000302118,181,E,42.4913333333,-32.8272222222,-25.2928888889,55517965,55517967,1,1
3P5B,HUMAN,A,Q8NBP7,ENST00000302118,182,V,38.5607142857,-30.0722857143,-27.6348571429,55517968,55517970,1,1
3P5B,HUMAN,A,Q8NBP7,ENST00000302118,183,Y,40.67225,-27.05375,-24.59,55517971,55517973,1,1
3P5B,HUMAN,A,Q8NBP7,ENST00000302118,184,L,34.254375,-24.863375,-25.384375,55517974,55517976,1,1
3P5B,HUMAN,A,Q8NBP7,ENST00000302118,185,L,35.866375,-20.6365,-24.684875,55517977,55517979,1,1
3P5B,HUMAN,A,Q8NBP7,ENST00000302118,186,D,30.291375,-20.3995,-24.259125,55517980,55517982,1,1
3P5B,HUMAN,A,Q8NBP7,ENST00000302118,187,T,28.2545714286,-21.1974285714,-21.4567142857,55517983,55517985,1,1
3P5B,HUMAN,A,Q8NBP7,ENST00000302118,188,S,27.3508333333,-23.6586666667,-18.7248333333,55517986,55517988,1,1
3P5B,HUMAN,A,Q8NBP7,ENST00000302118,189,I,28.338125,-27.741,-20.029875,55517989,55517991,1,1
3P5B,HUMAN,A,Q8NBP7,ENST00000302118,190,Q,23.6254444444,-30.8495555556,-19.0826666667,55517992,55517994,1,1
3P5B,HUMAN,A,Q8NBP7,ENST00000302118,191,S,27.4453333333,-33.4105,-17.7716666667,55517995,55517997,1,1
3P5B,HUMAN,A,Q8NBP7,ENST00000302118,192,D,24.093875,-34.96525,-16.624375,55517998,55518000,1,1
3P5B,HUMAN,A,Q8NBP7,ENST00000302118,193,H,22.8622,-34.497,-22.6426,55518001,55518003,1,1
3P5B,HUMAN,A,Q8NBP7,ENST00000302118,194,R,22.2178181818,-39.653,-24.4878181818,55518004,55518006,1,1
3P5B,HUMAN,A,Q8NBP7,ENST00000302118,195,E,24.9607777778,-36.7176666667,-27.1825555556,55518007,55518009,1,1
3P5B,HUMAN,A,Q8NBP7,ENST00000302118,196,I,28.343,-34.569875,-23.592125,55518010,55518012,1,1
3P5B,HUMAN,A,Q8NBP7,ENST00000302118,197,E,27.4303333333,-39.1606666667,-20.0854444444,55518013,55518015,1,1
3P5B,HUMAN,A,Q8NBP7,ENST00000302118,198,G,32.10875,-38.4165,-19.49675,55518016,55518018,1,1
3P5B,HUMAN,A,Q8NBP7,ENST00000302118,199,R,36.8485454545,-37.8888181818,-21.9673636364,55518019,55518021,1,1
3P5B,HUMAN,A,Q8NBP7,ENST00000302118,200,V,32.8082857143,-33.95,-21.7391428571,55518022,55518024,1,1
3P5B,HUMAN,A,Q8NBP7,ENST00000302118,201,M,35.870375,-32.10625,-18.1605,55518025,55518027,1,1
3P5B,HUMAN,A,Q8NBP7,ENST00000302118,202,V,33.7015714286,-28.754,-16.2182857143,55518028,55518030,1,1
3P5B,HUMAN,A,Q8NBP7,ENST00000302118,203,T,37.7132857143,-26.8481428571,-16.0748571429,55518031,55518033,1,1
3P5B,HUMAN,A,Q8NBP7,ENST00000302118,204,D,35.639875,-25.820375,-12.358875,55518034,55518036,1,1
3P5B,HUMAN,A,Q8NBP7,ENST00000302118,205,F,37.8155454545,-20.6009090909,-15.9388181818,55518037,55518039,1,1
3P5B,HUMAN,A,Q8NBP7,ENST00000302118,206,E,33.259,-18.5643333333,-13.4758888889,55518040,55518042,1,1
3P5B,HUMAN,A,Q8NBP7,ENST00000302118,207,N,35.74275,-14.54225,-16.067875,55518043,55518045,1,1
3P5B,HUMAN,A,Q8NBP7,ENST00000302118,208,V,31.2382857143,-14.0238571429,-15.829,55518046,55518048,1,1
3P5B,HUMAN,A,Q8NBP7,ENST00000302118,209,P,29.9772857143,-10.5751428571,-16.9051428571,55518049,55518051,1,1
3P5B,HUMAN,A,Q8NBP7,ENST00000302118,210,E,27.8487777778,-8.33155555556,-13.7215555556,55518052,55518054,1,1
3P5B,HUMAN,A,Q8NBP7,ENST00000302118,211,E,23.7522222222,-11.0354444444,-15.5916666667,55518055,55518057,1,1
3P5B,HUMAN,A,Q8NBP7,ENST00000302118,212,D,22.4135,-6.196875,-18.2625,55518058,55518060,1,1
3P5B,HUMAN,A,Q8NBP7,ENST00000302118,223,C,21.9843333333,-20.1306666667,-18.9993333333,55518329,55518331,1,1
3P5B,HUMAN,A,Q8NBP7,ENST00000302118,224,D,22.5925,-24.312375,-20.139875,55518332,55518334,1,1
3P5B,HUMAN,A,Q8NBP7,ENST00000302118,225,S,21.255,-23.162,-24.3785,55518335,55518337,1,1
3P5B,HUMAN,A,Q8NBP7,ENST00000302118,226,H,25.1166,-21.2928,-27.4576,55518338,55518340,1,1
3P5B,HUMAN,A,Q8NBP7,ENST00000302118,227,G,26.8405,-24.6585,-25.0015,55518341,55518343,1,1
3P5B,HUMAN,A,Q8NBP7,ENST00000302118,228,T,24.986,-27.8084285714,-24.3702857143,55518344,55518346,1,1
3P5B,HUMAN,A,Q8NBP7,ENST00000302118,229,H,23.5709,-26.8509,-29.8343,55518347,55518349,1,1
3P5B,HUMAN,A,Q8NBP7,ENST00000302118,230,L,28.260875,-25.745125,-29.524375,55518350,55518352,1,1
3P5B,HUMAN,A,Q8NBP7,ENST00000302118,231,A,28.8388,-30.1714,-27.6934,55518353,55518355,1,1
3P5B,HUMAN,A,Q8NBP7,ENST00000302118,232,G,26.74025,-31.8205,-30.1405,55518356,55518358,1,1
3P5B,HUMAN,A,Q8NBP7,ENST00000302118,233,V,28.1275714286,-30.2754285714,-33.1531428571,55518359,55518361,1,1
3P5B,HUMAN,A,Q8NBP7,ENST00000302118,234,V,32.1495714286,-31.147,-31.6624285714,55518362,55518364,1,1
3P5B,HUMAN,A,Q8NBP7,ENST00000302118,235,S,31.183,-34.297,-28.9925,55518365,55518367,1,1
3P5B,HUMAN,A,Q8NBP7,ENST00000302118,236,G,28.39275,-36.05225,-30.756,55518368,55518370,1,1
3P5B,HUMAN,A,Q8NBP7,ENST00000302118,237,R,26.2625454545,-41.0374545455,-28.6388181818,55518371,55518373,1,1
3P5B,HUMAN,A,Q8NBP7,ENST00000302118,238,D,23.3775,-39.234,-32.029625,55518374,55518376,1,1
3P5B,HUMAN,A,Q8NBP7,ENST00000302118,239,A,24.539,-34.957,-34.0038,55518377,55518379,1,1
3P5B,HUMAN,A,Q8NBP7,ENST00000302118,240,G,28.105,-35.38275,-34.63125,55518380,55518382,1,1
3P5B,HUMAN,A,Q8NBP7,ENST00000302118,241,V,31.427,-34.3998571429,-36.5538571429,55518383,55518385,1,1
3P5B,HUMAN,A,Q8NBP7,ENST00000302118,242,A,33.4796,-35.9652,-33.4198,55518386,55518388,1,1
3P5B,HUMAN,A,Q8NBP7,ENST00000302118,243,K,30.7481111111,-39.0866666667,-33.4137777778,55518389,55518391,1,1
3P5B,HUMAN,A,Q8NBP7,ENST00000302118,244,G,35.204,-39.338,-30.35575,55518392,55518394,1,1
3P5B,HUMAN,A,Q8NBP7,ENST00000302118,245,A,35.893,-36.5304,-28.386,55518395,55518397,1,1
3P5B,HUMAN,A,Q8NBP7,ENST00000302118,246,S,38.079,-35.1381666667,-25.692,55518398,55518400,1,1
3P5B,HUMAN,A,Q8NBP7,ENST00000302118,247,M,35.275375,-31.419875,-25.069375,55518401,55518403,1,1
3P5B,HUMAN,A,Q8NBP7,ENST00000302118,248,R,39.686,-30.0082727273,-20.8696363636,55518404,55518406,1,1
3P5B,HUMAN,A,Q8NBP7,ENST00000302118,249,S,34.5191666667,-26.5685,-20.3255,55518407,55518409,1,1
3P5B,HUMAN,A,Q8NBP7,ENST00000302118,250,L,36.51625,-22.85325,-20.33975,55518410,55518412,1,1
3P5B,HUMAN,A,Q8NBP7,ENST00000302118,251,R,30.7589090909,-19.6159090909,-17.1745454545,55518413,55518415,1,1
3P5B,HUMAN,A,Q8NBP7,ENST00000302118,252,V,33.6457142857,-16.7697142857,-20.9085714286,55518416,55518418,1,1
3P5B,HUMAN,A,Q8NBP7,ENST00000302118,253,L,29.762125,-16.238375,-22.17125,55518419,55518421,1,1
3P5B,HUMAN,A,Q8NBP7,ENST00000302118,254,N,26.431,-14.24575,-19.3415,55518422,55518424,1,1
3P5B,HUMAN,A,Q8NBP7,ENST00000302118,255,C,22.827,-16.2036666667,-18.8826666667,55518425,55518427,1,1
3P5B,HUMAN,A,Q8NBP7,ENST00000302118,256,Q,22.0397777778,-11.9852222222,-20.8561111111,55518428,55518430,1,1
3P5B,HUMAN,A,Q8NBP7,ENST00000302118,257,G,25.678,-13.6945,-23.81275,55518431,55518433,1,1
3P5B,HUMAN,A,Q8NBP7,ENST00000302118,258,K,27.6305555556,-10.0252222222,-21.7397777778,55518434,55518436,1,1
3P5B,HUMAN,A,Q8NBP7,ENST00000302118,259,G,31.44425,-10.71025,-22.21875,55518437,55518439,1,1
3P5B,HUMAN,A,Q8NBP7,ENST00000302118,260,T,34.897,-9.73214285714,-21.2011428571,55518440,55518442,1,1
3P5B,HUMAN,A,Q8NBP7,ENST00000302118,261,V,38.35,-9.14,-24.0874285714,55518443,55518445,1,1
3P5B,HUMAN,A,Q8NBP7,ENST00000302118,262,S,39.45,-9.5485,-20.0171666667,55518446,55518448,1,1
3P5B,HUMAN,A,Q8NBP7,ENST00000302118,263,G,38.21875,-12.98975,-19.85825,55518449,55518451,1,1
3P5B,HUMAN,A,Q8NBP7,ENST00000302118,264,T,38.7488571429,-14.2262857143,-23.2664285714,55518452,55518454,1,1
3P5B,HUMAN,A,Q8NBP7,ENST00000302118,265,L,42.89525,-12.55475,-22.394375,55518455,55518457,1,1
3P5B,HUMAN,A,Q8NBP7,ENST00000302118,266,I,42.10275,-14.96725,-17.98975,55518458,55518460,1,1
3P5B,HUMAN,A,Q8NBP7,ENST00000302118,267,G,41.2505,-18.40725,-20.72025,55518461,55518463,1,1
3P5B,HUMAN,A,Q8NBP7,ENST00000302118,268,L,43.368625,-17.959875,-23.975625,55518464,55518464,1,1
3P5B,HUMAN,A,Q8NBP7,ENST00000302118,269,E,46.6368888889,-17.6678888889,-18.8222222222,55521668,55521670,1,1
3P5B,HUMAN,A,Q8NBP7,ENST00000302118,270,F,43.366,-22.9096363636,-17.5808181818,55521671,55521673,1,1
3P5B,HUMAN,A,Q8NBP7,ENST00000302118,271,I,44.491375,-23.282125,-22.701,55521674,55521676,1,1
3P5B,HUMAN,A,Q8NBP7,ENST00000302118,272,R,50.8119090909,-21.8249090909,-22.9307272727,55521677,55521679,1,1
3P5B,HUMAN,A,Q8NBP7,ENST00000302118,273,K,49.7197777778,-23.6556666667,-17.3256666667,55521680,55521682,1,1
3P5B,HUMAN,A,Q8NBP7,ENST00000302118,274,S,47.1298333333,-26.9785,-19.5236666667,55521683,55521685,1,1
3P5B,HUMAN,A,Q8NBP7,ENST00000302118,275,Q,50.2431111111,-26.7806666667,-23.2895555556,55521686,55521688,1,1
3P5B,HUMAN,A,Q8NBP7,ENST00000302118,276,L,53.292875,-26.0505,-19.847125,55521689,55521691,1,1
3P5B,HUMAN,A,Q8NBP7,ENST00000302118,277,V,51.2422857143,-29.085,-16.4491428571,55521692,55521694,1,1
3P5B,HUMAN,A,Q8NBP7,ENST00000302118,278,Q,48.8661111111,-31.2431111111,-18.1252222222,55521695,55521697,1,1
3P5B,HUMAN,A,Q8NBP7,ENST00000302118,279,P,51.3877142857,-32.8525714286,-21.9545714286,55521698,55521700,1,1
3P5B,HUMAN,A,Q8NBP7,ENST00000302118,280,V,48.1687142857,-34.5582857143,-24.767,55521701,55521703,1,1
3P5B,HUMAN,A,Q8NBP7,ENST00000302118,281,G,49.03925,-32.9155,-28.1255,55521704,55521706,1,1
3P5B,HUMAN,A,Q8NBP7,ENST00000302118,282,P,46.8762857143,-32.3867142857,-30.5578571429,55521707,55521709,1,1
3P5B,HUMAN,A,Q8NBP7,ENST00000302118,283,L,45.63875,-28.29075,-28.5975,55521710,55521712,1,1
3P5B,HUMAN,A,Q8NBP7,ENST00000302118,284,V,41.1428571429,-27.9544285714,-30.8807142857,55521713,55521715,1,1
3P5B,HUMAN,A,Q8NBP7,ENST00000302118,285,V,40.5098571429,-23.7461428571,-29.3837142857,55521716,55521718,1,1
3P5B,HUMAN,A,Q8NBP7,ENST00000302118,286,L,35.581875,-23.590375,-30.417625,55521719,55521721,1,1
3P5B,HUMAN,A,Q8NBP7,ENST00000302118,287,L,36.73175,-19.10875,-29.937875,55521722,55521724,1,1
3P5B,HUMAN,A,Q8NBP7,ENST00000302118,288,P,32.0038571429,-19.0995714286,-29.8898571429,55521725,55521727,1,1
3P5B,HUMAN,A,Q8NBP7,ENST00000302118,289,L,33.75925,-15.473625,-28.56575,55521728,55521730,1,1
3P5B,HUMAN,A,Q8NBP7,ENST00000302118,290,A,32.2424,-12.1274,-31.2344,55521731,55521733,1,1
3P5B,HUMAN,A,Q8NBP7,ENST00000302118,291,G,33.45775,-8.8035,-31.005,55521734,55521736,1,1
3P5B,HUMAN,A,Q8NBP7,ENST00000302118,292,G,35.2775,-6.32975,-31.35275,55521737,55521739,1,1
3P5B,HUMAN,A,Q8NBP7,ENST00000302118,293,Y,40.22625,-4.65708333333,-33.869,55521740,55521742,1,1
3P5B,HUMAN,A,Q8NBP7,ENST00000302118,294,S,41.2021666667,-6.62416666667,-30.251,55521743,55521745,1,1
3P5B,HUMAN,A,Q8NBP7,ENST00000302118,295,R,47.1938181818,-4.33618181818,-30.6327272727,55521746,55521748,1,1
3P5B,HUMAN,A,Q8NBP7,ENST00000302118,296,V,45.0628571429,-7.97557142857,-26.9247142857,55521749,55521751,1,1
3P5B,HUMAN,A,Q8NBP7,ENST00000302118,297,L,42.04225,-11.145625,-28.696625,55521752,55521754,1,1
3P5B,HUMAN,A,Q8NBP7,ENST00000302118,298,N,44.21825,-10.42175,-32.643875,55521755,55521757,1,1
3P5B,HUMAN,A,Q8NBP7,ENST00000302118,299,A,48.2036,-11.2268,-30.1312,55521758,55521760,1,1
3P5B,HUMAN,A,Q8NBP7,ENST00000302118,300,A,46.98,-13.9348,-28.1032,55521761,55521763,1,1
3P5B,HUMAN,A,Q8NBP7,ENST00000302118,301,C,45.5355,-15.784,-30.9458333333,55521764,55521766,1,1
3P5B,HUMAN,A,Q8NBP7,ENST00000302118,302,Q,49.922,-14.2377777778,-33.5493333333,55521767,55521769,1,1
3P5B,HUMAN,A,Q8NBP7,ENST00000302118,303,R,52.5144545455,-14.9750909091,-28.292,55521770,55521772,1,1
3P5B,HUMAN,A,Q8NBP7,ENST00000302118,304,L,48.356125,-19.889,-28.699625,55521773,55521775,1,1
3P5B,HUMAN,A,Q8NBP7,ENST00000302118,305,A,49.5502,-20.5262,-32.998,55521776,55521778,1,1
3P5B,HUMAN,A,Q8NBP7,ENST00000302118,306,R,53.5230909091,-18.3440909091,-34.2045454545,55521779,55521781,1,1
3P5B,HUMAN,A,Q8NBP7,ENST00000302118,307,A,52.8126,-23.298,-30.2138,55521782,55521784,1,1
3P5B,HUMAN,A,Q8NBP7,ENST00000302118,308,G,50.3865,-25.5225,-31.76775,55521785,55521787,1,1
3P5B,HUMAN,A,Q8NBP7,ENST00000302118,309,V,47.2062857143,-24.2087142857,-30.8638571429,55521788,55521790,1,1
3P5B,HUMAN,A,Q8NBP7,ENST00000302118,310,V,44.0608571429,-25.4107142857,-33.7307142857,55521791,55521793,1,1
3P5B,HUMAN,A,Q8NBP7,ENST00000302118,311,L,42.6065,-21.25625,-32.81725,55521794,55521796,1,1
3P5B,HUMAN,A,Q8NBP7,ENST00000302118,312,V,38.0747142857,-22.5701428571,-34.6361428571,55521797,55521799,1,1
3P5B,HUMAN,A,Q8NBP7,ENST00000302118,313,T,36.3444285714,-18.4024285714,-34.9128571429,55521800,55521802,1,1
3P5B,HUMAN,A,Q8NBP7,ENST00000302118,314,A,33.1424,-17.0686,-35.4916,55521803,55521805,1,1
3P5B,HUMAN,A,Q8NBP7,ENST00000302118,315,A,32.3904,-14.467,-38.0992,55521806,55521808,1,1
3P5B,HUMAN,A,Q8NBP7,ENST00000302118,316,G,29.276,-13.474,-37.3975,55521809,55521811,1,1
3P5B,HUMAN,A,Q8NBP7,ENST00000302118,317,N,25.665625,-13.140875,-36.632875,55521812,55521814,1,1
3P5B,HUMAN,A,Q8NBP7,ENST00000302118,318,F,26.8070909091,-8.5,-36.402,55521815,55521817,1,1
3P5B,HUMAN,A,Q8NBP7,ENST00000302118,319,R,23.8990909091,-8.19172727273,-43.9356363636,55521818,55521820,1,1
3P5B,HUMAN,A,Q8NBP7,ENST00000302118,320,D,29.8825,-6.219875,-41.52675,55521821,55521823,1,1
3P5B,HUMAN,A,Q8NBP7,ENST00000302118,321,D,34.09,-6.91475,-42.863625,55521824,55521826,1,1
3P5B,HUMAN,A,Q8NBP7,ENST00000302118,322,A,35.0418,-9.818,-40.2968,55521827,55521829,1,1
3P5B,HUMAN,A,Q8NBP7,ENST00000302118,323,C,38.04,-7.59616666667,-40.5868333333,55521830,55521832,1,1
3P5B,HUMAN,A,Q8NBP7,ENST00000302118,324,L,35.50275,-4.578625,-38.418,55521833,55521835,1,1
3P5B,HUMAN,A,Q8NBP7,ENST00000302118,325,Y,33.4838333333,-7.63608333333,-36.1873333333,55521836,55521838,1,1
3P5B,HUMAN,A,Q8NBP7,ENST00000302118,326,S,37.807,-9.81833333333,-32.7026666667,55521839,55521841,1,1
3P5B,HUMAN,A,Q8NBP7,ENST00000302118,327,P,38.7118571429,-13.5068571429,-32.892,55521842,55521844,1,1
3P5B,HUMAN,A,Q8NBP7,ENST00000302118,328,A,38.0018,-12.7466,-36.993,55521845,55521847,1,1
3P5B,HUMAN,A,Q8NBP7,ENST00000302118,329,S,40.853,-10.2906666667,-37.4625,55521848,55521850,1,1
3P5B,HUMAN,A,Q8NBP7,ENST00000302118,330,A,42.8978,-13.3642,-37.052,55521851,55521853,1,1
3P5B,HUMAN,A,Q8NBP7,ENST00000302118,331,P,45.2744285714,-14.1624285714,-39.6372857143,55521854,55521856,1,1
3P5B,HUMAN,A,Q8NBP7,ENST00000302118,332,E,46.5812222222,-16.4665555556,-37.0188888889,55521857,55521859,1,1
3P5B,HUMAN,A,Q8NBP7,ENST00000302118,333,V,42.3718571429,-17.8145714286,-36.3342857143,55521860,55521862,1,1
3P5B,HUMAN,A,Q8NBP7,ENST00000302118,334,I,40.327,-21.216625,-38.61625,55523004,55523006,1,1
3P5B,HUMAN,A,Q8NBP7,ENST00000302118,335,T,37.3511428571,-17.4651428571,-39.6941428571,55523007,55523009,1,1
3P5B,HUMAN,A,Q8NBP7,ENST00000302118,336,V,33.7962857143,-20.1227142857,-39.7587142857,55523010,55523012,1,1
3P5B,HUMAN,A,Q8NBP7,ENST00000302118,337,G,30.90175,-19.334,-41.848,55523013,55523015,1,1
3P5B,HUMAN,A,Q8NBP7,ENST00000302118,338,A,27.2416,-19.5008,-42.4116,55523016,55523018,1,1
3P5B,HUMAN,A,Q8NBP7,ENST00000302118,339,T,25.9628571429,-22.0514285714,-45.011,55523019,55523021,1,1
3P5B,HUMAN,A,Q8NBP7,ENST00000302118,340,N,21.6855,-22.688375,-46.23825,55523022,55523024,1,1
3P5B,HUMAN,A,Q8NBP7,ENST00000302118,341,A,20.6088,-26.2694,-47.2928,55523025,55523027,1,1
3P5B,HUMAN,A,Q8NBP7,ENST00000302118,342,Q,19.0956666667,-24.0127777778,-50.6552222222,55523028,55523030,1,1
3P5B,HUMAN,A,Q8NBP7,ENST00000302118,343,D,24.662,-24.0935,-50.704875,55523031,55523033,1,1
3P5B,HUMAN,A,Q8NBP7,ENST00000302118,344,Q,22.5886666667,-19.7087777778,-50.1713333333,55523034,55523036,1,1
3P5B,HUMAN,A,Q8NBP7,ENST00000302118,345,P,24.0857142857,-17.0101428571,-47.297,55523037,55523039,1,1
3P5B,HUMAN,A,Q8NBP7,ENST00000302118,346,V,22.6217142857,-17.4694285714,-42.765,55523040,55523042,1,1
3P5B,HUMAN,A,Q8NBP7,ENST00000302118,347,T,19.4418571429,-14.4508571429,-43.0508571429,55523043,55523045,1,1
3P5B,HUMAN,A,Q8NBP7,ENST00000302118,348,L,19.8745,-14.479625,-38.45575,55523046,55523048,1,1
3P5B,HUMAN,A,Q8NBP7,ENST00000302118,349,G,16.6315,-11.291,-39.70425,55523049,55523051,1,1
3P5B,HUMAN,A,Q8NBP7,ENST00000302118,350,T,17.7571428571,-7.66657142857,-39.7112857143,55523052,55523054,1,1
3P5B,HUMAN,A,Q8NBP7,ENST00000302118,351,L,21.524625,-8.865875,-39.054,55523055,55523057,1,1
3P5B,HUMAN,A,Q8NBP7,ENST00000302118,352,G,23.87975,-11.75825,-40.975,55523058,55523060,1,1
3P5B,HUMAN,A,Q8NBP7,ENST00000302118,353,T,26.7334285714,-14.1761428571,-42.302,55523061,55523063,1,1
3P5B,HUMAN,A,Q8NBP7,ENST00000302118,354,N,29.919875,-11.829375,-40.89875,55523064,55523066,1,1
3P5B,HUMAN,A,Q8NBP7,ENST00000302118,355,F,30.704,-10.0688181818,-45.2554545455,55523067,55523069,1,1
3P5B,HUMAN,A,Q8NBP7,ENST00000302118,356,G,35.43625,-11.53875,-46.29375,55523070,55523072,1,1
3P5B,HUMAN,A,Q8NBP7,ENST00000302118,357,R,40.7578181818,-9.94163636364,-45.7322727273,55523073,55523075,1,1
3P5B,HUMAN,A,Q8NBP7,ENST00000302118,358,C,39.0536666667,-12.4393333333,-42.644,55523076,55523078,1,1
3P5B,HUMAN,A,Q8NBP7,ENST00000302118,359,V,36.1515714286,-15.4058571429,-43.8558571429,55523079,55523081,1,1
3P5B,HUMAN,A,Q8NBP7,ENST00000302118,360,D,39.271875,-18.607875,-43.7295,55523082,55523084,1,1
3P5B,HUMAN,A,Q8NBP7,ENST00000302118,361,L,35.908625,-21.826625,-44.367875,55523085,55523087,1,1
3P5B,HUMAN,A,Q8NBP7,ENST00000302118,362,F,31.4889090909,-19.9611818182,-45.6583636364,55523088,55523090,1,1
3P5B,HUMAN,A,Q8NBP7,ENST00000302118,363,A,29.7238,-23.9642,-42.705,55523091,55523093,1,1
3P5B,HUMAN,A,Q8NBP7,ENST00000302118,364,P,27.1272857143,-26.1115714286,-42.072,55523094,55523096,1,1
3P5B,HUMAN,A,Q8NBP7,ENST00000302118,365,G,24.35525,-22.813,-39.95425,55523097,55523099,1,1
3P5B,HUMAN,A,Q8NBP7,ENST00000302118,366,E,20.1684444444,-22.5562222222,-41.3481111111,55523100,55523102,1,1
3P5B,HUMAN,A,Q8NBP7,ENST00000302118,367,D,17.896875,-26.3275,-38.959625,55523103,55523105,1,1
3P5B,HUMAN,A,Q8NBP7,ENST00000302118,368,I,22.0955,-27.1705,-36.80475,55523106,55523108,1,1
3P5B,HUMAN,A,Q8NBP7,ENST00000302118,369,I,20.265625,-31.174875,-34.819,55523109,55523111,1,1
3P5B,HUMAN,A,Q8NBP7,ENST00000302118,370,G,21.3605,-30.60825,-30.64525,55523112,55523114,1,1
3P5B,HUMAN,A,Q8NBP7,ENST00000302118,371,A,22.2696,-30.5244,-27.1732,55523115,55523117,1,1
3P5B,HUMAN,A,Q8NBP7,ENST00000302118,372,S,18.9501666667,-29.3968333333,-25.254,55523118,55523120,1,1
3P5B,HUMAN,A,Q8NBP7,ENST00000302118,373,S,19.2231666667,-27.3566666667,-21.8751666667,55523121,55523123,1,1
3P5B,HUMAN,A,Q8NBP7,ENST00000302118,374,D,15.458125,-28.419,-21.707625,55523124,55523126,1,1
3P5B,HUMAN,A,Q8NBP7,ENST00000302118,375,C,16.8693333333,-32.7673333333,-21.2036666667,55523127,55523129,1,1
3P5B,HUMAN,A,Q8NBP7,ENST00000302118,376,S,19.2626666667,-35.816,-21.0648333333,55523130,55523132,1,1
3P5B,HUMAN,A,Q8NBP7,ENST00000302118,377,T,16.8375714286,-36.9872857143,-23.8021428571,55523133,55523135,1,1
3P5B,HUMAN,A,Q8NBP7,ENST00000302118,378,C,16.7418333333,-32.9646666667,-25.1693333333,55523136,55523138,1,1
3P5B,HUMAN,A,Q8NBP7,ENST00000302118,379,F,17.9827272727,-33.6169090909,-29.2459090909,55523139,55523141,1,1
3P5B,HUMAN,A,Q8NBP7,ENST00000302118,380,V,17.4625714286,-27.8172857143,-30.2368571429,55523142,55523144,1,1
3P5B,HUMAN,A,Q8NBP7,ENST00000302118,381,S,16.9658333333,-26.5196666667,-33.8791666667,55523145,55523147,1,1
3P5B,HUMAN,A,Q8NBP7,ENST00000302118,382,Q,19.4877777778,-23.3352222222,-32.784,55523148,55523150,1,1
3P5B,HUMAN,A,Q8NBP7,ENST00000302118,383,S,20.9458333333,-20.9043333333,-36.2428333333,55523151,55523153,1,1
3P5B,HUMAN,A,Q8NBP7,ENST00000302118,384,G,24.81325,-19.80725,-36.9265,55523154,55523156,1,1
3P5B,HUMAN,A,Q8NBP7,ENST00000302118,385,T,28.503,-18.3987142857,-37.0047142857,55523157,55523159,1,1
3P5B,HUMAN,A,Q8NBP7,ENST00000302118,386,S,28.7771666667,-20.8065,-33.5766666667,55523160,55523162,1,1
3P5B,HUMAN,A,Q8NBP7,ENST00000302118,387,Q,26.2567777778,-23.553,-34.6795555556,55523163,55523165,1,1
3P5B,HUMAN,A,Q8NBP7,ENST00000302118,388,A,29.8058,-23.4306,-38.2848,55523166,55523168,1,1
3P5B,HUMAN,A,Q8NBP7,ENST00000302118,389,A,32.6222,-23.4026,-36.0732,55523169,55523171,1,1
3P5B,HUMAN,A,Q8NBP7,ENST00000302118,390,A,31.57,-26.592,-34.7188,55523172,55523174,1,1
3P5B,HUMAN,A,Q8NBP7,ENST00000302118,391,H,30.0538,-28.3079,-38.211,55523175,55523177,1,1
3P5B,HUMAN,A,Q8NBP7,ENST00000302118,392,V,35.5451428571,-26.7021428571,-38.8364285714,55523178,55523180,1,1
3P5B,HUMAN,A,Q8NBP7,ENST00000302118,393,A,36.1986,-28.2798,-35.0304,55523181,55523183,1,1
3P5B,HUMAN,A,Q8NBP7,ENST00000302118,394,G,35.32875,-31.54475,-35.96275,55523184,55523186,1,1
3P5B,HUMAN,A,Q8NBP7,ENST00000302118,395,I,36.351625,-31.583125,-39.679,55523187,55523187,1,1
3P5B,HUMAN,A,Q8NBP7,ENST00000302118,396,A,39.9782,-30.9716,-37.0496,55523711,55523713,1,1
3P5B,HUMAN,A,Q8NBP7,ENST00000302118,397,A,39.3284,-33.5824,-34.6274,55523714,55523716,1,1
3P5B,HUMAN,A,Q8NBP7,ENST00000302118,398,M,38.124625,-36.888625,-37.200375,55523717,55523719,1,1
3P5B,HUMAN,A,Q8NBP7,ENST00000302118,399,M,42.007375,-33.98025,-39.871625,55523720,55523722,1,1
3P5B,HUMAN,A,Q8NBP7,ENST00000302118,400,L,44.6095,-33.9185,-35.56225,55523723,55523725,1,1
3P5B,HUMAN,A,Q8NBP7,ENST00000302118,401,S,42.8118333333,-38.422,-34.8798333333,55523726,55523728,1,1
3P5B,HUMAN,A,Q8NBP7,ENST00000302118,402,A,44.9502,-39.7458,-37.9896,55523729,55523731,1,1
3P5B,HUMAN,A,Q8NBP7,ENST00000302118,403,E,48.0347777778,-37.582,-39.6411111111,55523732,55523734,1,1
3P5B,HUMAN,A,Q8NBP7,ENST00000302118,404,P,49.1982857143,-36.5818571429,-34.7337142857,55523735,55523737,1,1
3P5B,HUMAN,A,Q8NBP7,ENST00000302118,405,E,53.0986666667,-35.8432222222,-36.8987777778,55523738,55523740,1,1
3P5B,HUMAN,A,Q8NBP7,ENST00000302118,406,L,49.155125,-32.473625,-39.0705,55523741,55523743,1,1
3P5B,HUMAN,A,Q8NBP7,ENST00000302118,407,T,51.0752857143,-28.3261428571,-38.9312857143,55523744,55523746,1,1
3P5B,HUMAN,A,Q8NBP7,ENST00000302118,408,L,48.08425,-24.31875,-38.183125,55523747,55523749,1,1
3P5B,HUMAN,A,Q8NBP7,ENST00000302118,409,A,49.5928,-24.8872,-42.2444,55523750,55523752,1,1
3P5B,HUMAN,A,Q8NBP7,ENST00000302118,410,E,50.2546666667,-28.3195555556,-43.0226666667,55523753,55523755,1,1
3P5B,HUMAN,A,Q8NBP7,ENST00000302118,411,L,44.8215,-28.388375,-40.751375,55523756,55523758,1,1
3P5B,HUMAN,A,Q8NBP7,ENST00000302118,412,R,45.2014545455,-22.8704545455,-42.5763636364,55523759,55523761,1,1
3P5B,HUMAN,A,Q8NBP7,ENST00000302118,413,Q,46.4831111111,-25.5197777778,-47.4647777778,55523762,55523764,1,1
3P5B,HUMAN,A,Q8NBP7,ENST00000302118,414,R,45.6848181818,-31.1154545455,-45.7700909091,55523765,55523767,1,1
3P5B,HUMAN,A,Q8NBP7,ENST00000302118,415,L,40.30125,-27.484875,-44.085125,55523768,55523770,1,1
3P5B,HUMAN,A,Q8NBP7,ENST00000302118,416,I,40.99525,-24.8605,-48.4475,55523771,55523773,1,1
3P5B,HUMAN,A,Q8NBP7,ENST00000302118,417,H,42.3135,-29.6473,-51.7678,55523774,55523776,1,1
3P5B,HUMAN,A,Q8NBP7,ENST00000302118,418,F,40.081,-32.1141818182,-49.2408181818,55523777,55523779,1,1
3P5B,HUMAN,A,Q8NBP7,ENST00000302118,419,S,36.051,-27.9843333333,-50.0508333333,55523780,55523782,1,1
3P5B,HUMAN,A,Q8NBP7,ENST00000302118,420,A,32.7074,-26.9482,-51.6754,55523783,55523785,1,1
3P5B,HUMAN,A,Q8NBP7,ENST00000302118,421,K,35.4303333333,-25.8275555556,-54.3865555556,55523786,55523788,1,1
3P5B,HUMAN,A,Q8NBP7,ENST00000302118,422,D,31.667875,-22.15775,-57.45575,55523789,55523791,1,1
3P5B,HUMAN,A,Q8NBP7,ENST00000302118,423,V,28.1684285714,-23.5944285714,-54.2751428571,55523792,55523794,1,1
3P5B,HUMAN,A,Q8NBP7,ENST00000302118,424,I,28.2635,-19.992125,-52.10075,55523795,55523797,1,1
3P5B,HUMAN,A,Q8NBP7,ENST00000302118,425,N,24.791375,-16.8155,-54.717625,55523798,55523800,1,1
3P5B,HUMAN,A,Q8NBP7,ENST00000302118,426,E,29.0921111111,-14.3378888889,-54.574,55523801,55523803,1,1
3P5B,HUMAN,A,Q8NBP7,ENST00000302118,427,A,24.184,-11.9492,-54.6234,55523804,55523806,1,1
3P5B,HUMAN,A,Q8NBP7,ENST00000302118,428,W,23.4817142857,-11.9288571429,-48.5175714286,55523807,55523809,1,1
3P5B,HUMAN,A,Q8NBP7,ENST00000302118,429,F,27.8674545455,-11.8767272727,-50.1153636364,55523810,55523812,1,1
3P5B,HUMAN,A,Q8NBP7,ENST00000302118,430,P,28.369,-6.87685714286,-50.7154285714,55523813,55523815,1,1
3P5B,HUMAN,A,Q8NBP7,ENST00000302118,431,E,28.845,-4.82788888889,-55.7481111111,55523816,55523818,1,1
3P5B,HUMAN,A,Q8NBP7,ENST00000302118,432,D,32.979125,-4.06925,-53.162,55523819,55523821,1,1
3P5B,HUMAN,A,Q8NBP7,ENST00000302118,433,Q,33.1823333333,-7.64022222222,-49.6095555556,55523822,55523824,1,1
3P5B,HUMAN,A,Q8NBP7,ENST00000302118,434,R,29.8337272727,-9.78127272727,-54.8214545455,55523825,55523827,1,1
3P5B,HUMAN,A,Q8NBP7,ENST00000302118,435,V,36.1911428571,-10.632,-55.0238571429,55523828,55523830,1,1
3P5B,HUMAN,A,Q8NBP7,ENST00000302118,436,L,37.5255,-10.04525,-50.81225,55523831,55523833,1,1
3P5B,HUMAN,A,Q8NBP7,ENST00000302118,437,T,34.2698571429,-13.6502857143,-49.9948571429,55523834,55523836,1,1
3P5B,HUMAN,A,Q8NBP7,ENST00000302118,438,P,35.9277142857,-17.0362857143,-49.7017142857,55523837,55523839,1,1
3P5B,HUMAN,A,Q8NBP7,ENST00000302118,439,N,32.959125,-20.145375,-52.838875,55523840,55523842,1,1
3P5B,HUMAN,A,Q8NBP7,ENST00000302118,440,L,35.34125,-22.55175,-49.608375,55523843,55523845,1,1
3P5B,HUMAN,A,Q8NBP7,ENST00000302118,441,V,31.6118571429,-25.5861428571,-48.1195714286,55523846,55523848,1,1
3P5B,HUMAN,A,Q8NBP7,ENST00000302118,442,A,33.0714,-27.7312,-45.2334,55523849,55523851,1,1
3P5B,HUMAN,A,Q8NBP7,ENST00000302118,443,A,34.707,-31.0884,-45.9836,55523852,55523854,1,1
3P5B,HUMAN,A,Q8NBP7,ENST00000302118,444,L,35.151875,-34.81425,-44.020625,55523855,55523857,1,1
3P5B,HUMAN,A,Q8NBP7,ENST00000302118,445,P,39.161,-35.2474285714,-45.4091428571,55523858,55523860,1,1
3P5B,HUMAN,A,Q8NBP7,ENST00000302118,446,P,39.2247142857,-38.4374285714,-48.083,55523861,55523863,1,1
3P5B,HUMAN,A,Q8NBP7,ENST00000302118,447,S,42.1911666667,-41.1755,-46.3013333333,55523864,55523866,1,1
3P5B,HUMAN,A,Q8NBP7,ENST00000302118,448,T,45.7817142857,-40.0124285714,-44.9444285714,55523867,55523869,1,1
3P5B,HUMAN,A,Q8NBP7,ENST00000302118,449,H,46.612,-42.4512,-47.8146,55523870,55523872,1,1
3P5B,HUMAN,A,Q8NBP7,ENST00000302118,453,W,53.2228,-35.367,-51.3774,55523882,55523882,1,1
3P5B,HUMAN,A,Q8NBP7,ENST00000302118,454,Q,48.8566666667,-33.3653333333,-53.0552222222,55524174,55524176,1,1
3P5B,HUMAN,A,Q8NBP7,ENST00000302118,455,L,51.13,-29.017,-54.245375,55524177,55524179,1,1
3P5B,HUMAN,A,Q8NBP7,ENST00000302118,456,F,48.2072727273,-28.9721818182,-50.4918181818,55524180,55524182,1,1
3P5B,HUMAN,A,Q8NBP7,ENST00000302118,457,C,47.774,-23.875,-52.9103333333,55524183,55524185,1,1
3P5B,HUMAN,A,Q8NBP7,ENST00000302118,458,R,46.5854545455,-20.2821818182,-48.4973636364,55524186,55524188,1,1
3P5B,HUMAN,A,Q8NBP7,ENST00000302118,459,T,44.2108571429,-17.3007142857,-52.2995714286,55524189,55524191,1,1
3P5B,HUMAN,A,Q8NBP7,ENST00000302118,460,V,46.0148571429,-14.4748571429,-49.3651428571,55524192,55524194,1,1
3P5B,HUMAN,A,Q8NBP7,ENST00000302118,461,W,42.2727857143,-11.3100714286,-52.0477142857,55524195,55524197,1,1
3P5B,HUMAN,A,Q8NBP7,ENST00000302118,462,S,45.014,-7.55266666667,-49.0756666667,55524198,55524200,1,1
3P5B,HUMAN,A,Q8NBP7,ENST00000302118,463,A,43.827,-4.6882,-47.5366,55524201,55524203,1,1
3P5B,HUMAN,A,Q8NBP7,ENST00000302118,464,H,41.6906,-0.7205,-50.2633,55524204,55524206,1,1
3P5B,HUMAN,A,Q8NBP7,ENST00000302118,465,S,45.5823333333,0.5675,-50.2095,55524207,55524209,1,1
3P5B,HUMAN,A,Q8NBP7,ENST00000302118,466,G,44.41125,3.62,-50.8555,55524210,55524212,1,1
3P5B,HUMAN,A,Q8NBP7,ENST00000302118,467,P,43.4081428571,7.01957142857,-51.4971428571,55524213,55524215,1,1
3P5B,HUMAN,A,Q8NBP7,ENST00000302118,468,T,47.2437142857,7.57928571429,-51.1721428571,55524216,55524218,1,1
3P5B,HUMAN,A,Q8NBP7,ENST00000302118,469,R,50.1864545455,10.5014545455,-53.878,55524219,55524221,1,1
3P5B,HUMAN,A,Q8NBP7,ENST00000302118,470,M,53.169,6.621125,-53.108125,55524222,55524224,1,1
3P5B,HUMAN,A,Q8NBP7,ENST00000302118,471,A,49.7654,3.2888,-51.9772,55524225,55524227,1,1
3P5B,HUMAN,A,Q8NBP7,ENST00000302118,472,T,51.3852857143,0.153857142857,-50.3568571429,55524228,55524230,1,1
3P5B,HUMAN,A,Q8NBP7,ENST00000302118,473,A,49.4806,-3.5164,-50.5082,55524231,55524233,1,1
3P5B,HUMAN,A,Q8NBP7,ENST00000302118,474,I,51.403875,-5.679625,-47.567375,55524234,55524236,1,1
3P5B,HUMAN,A,Q8NBP7,ENST00000302118,475,A,50.4118,-9.8834,-48.6452,55524237,55524239,1,1
3P5B,HUMAN,A,Q8NBP7,ENST00000302118,476,R,52.0195454545,-10.1112727273,-44.5772727273,55524240,55524242,1,1
3P5B,HUMAN,A,Q8NBP7,ENST00000302118,477,C,52.2401666667,-15.865,-45.8461666667,55524243,55524245,1,1
3P5B,HUMAN,A,Q8NBP7,ENST00000302118,478,A,52.664,-18.4998,-43.2352,55524246,55524248,1,1
3P5B,HUMAN,A,Q8NBP7,ENST00000302118,479,P,55.351,-18.6125714286,-40.9077142857,55524249,55524251,1,1
3P5B,HUMAN,A,Q8NBP7,ENST00000302118,480,D,55.18625,-22.789,-42.201625,55524252,55524254,1,1
3P5B,HUMAN,A,Q8NBP7,ENST00000302118,481,E,53.0833333333,-21.1005555556,-45.8995555556,55524255,55524257,1,1
3P5B,HUMAN,A,Q8NBP7,ENST00000302118,482,E,57.4201111111,-20.9942222222,-49.46,55524258,55524260,1,1
3P5B,HUMAN,A,Q8NBP7,ENST00000302118,483,L,55.593625,-16.41475,-51.851125,55524261,55524263,1,1
3P5B,HUMAN,A,Q8NBP7,ENST00000302118,484,L,55.216875,-19.26425,-55.40675,55524264,55524266,1,1
3P5B,HUMAN,A,Q8NBP7,ENST00000302118,485,S,52.552,-15.706,-56.7983333333,55524267,55524269,1,1
3P5B,HUMAN,A,Q8NBP7,ENST00000302118,486,C,52.2831666667,-11.447,-56.7595,55524270,55524272,1,1
3P5B,HUMAN,A,Q8NBP7,ENST00000302118,487,S,48.7393333333,-10.3146666667,-57.9405,55524273,55524275,1,1
3P5B,HUMAN,A,Q8NBP7,ENST00000302118,488,S,47.4915,-6.62166666667,-58.8003333333,55524276,55524278,1,1
3P5B,HUMAN,A,Q8NBP7,ENST00000302118,489,F,41.7851818182,-6.07063636364,-58.6666363636,55524279,55524281,1,1
3P5B,HUMAN,A,Q8NBP7,ENST00000302118,490,S,41.9133333333,-2.32983333333,-59.7111666667,55524282,55524284,1,1
3P5B,HUMAN,A,Q8NBP7,ENST00000302118,491,R,37.2065454545,-2.62918181818,-57.2651818182,55524285,55524287,1,1
3P5B,HUMAN,A,Q8NBP7,ENST00000302118,492,S,39.4853333333,1.552,-61.4753333333,55524288,55524290,1,1
3P5B,HUMAN,A,Q8NBP7,ENST00000302118,493,G,42.4955,0.51825,-63.28775,55524291,55524293,1,1
3P5B,HUMAN,A,Q8NBP7,ENST00000302118,494,K,43.6676666667,4.44477777778,-62.1894444444,55524294,55524296,1,1
3P5B,HUMAN,A,Q8NBP7,ENST00000302118,495,R,47.4744545455,-1.87763636364,-61.9080909091,55524297,55524299,1,1
3P5B,HUMAN,A,Q8NBP7,ENST00000302118,496,R,52.2726363636,2.27781818182,-59.7369090909,55524300,55524302,1,1
3P5B,HUMAN,A,Q8NBP7,ENST00000302118,497,G,51.5045,-2.88125,-59.8905,55524303,55524305,1,1
3P5B,HUMAN,A,Q8NBP7,ENST00000302118,498,E,52.726,-6.56844444444,-59.075,55524306,55524308,1,1
3P5B,HUMAN,A,Q8NBP7,ENST00000302118,499,R,57.8802727273,-5.02536363636,-55.2806363636,55524309,55524311,1,1
3P5B,HUMAN,A,Q8NBP7,ENST00000302118,500,M,57.98425,-10.27425,-55.349375,55524312,55524314,1,1
3P5B,HUMAN,A,Q8NBP7,ENST00000302118,501,E,59.6908888889,-6.62733333333,-50.9968888889,55524315,55524317,1,1
3P5B,HUMAN,A,Q8NBP7,ENST00000302118,502,A,62.2494,-8.8618,-48.4836,55524318,55524320,1,1
3P5B,HUMAN,A,Q8NBP7,ENST00000302118,503,Q,59.1544444444,-7.40911111111,-44.8486666667,55525159,55525161,1,1
3P5B,HUMAN,A,Q8NBP7,ENST00000302118,504,G,62.2275,-10.0545,-42.27625,55525162,55525164,1,1
3P5B,HUMAN,A,Q8NBP7,ENST00000302118,505,G,63.031,-12.81375,-43.87575,55525165,55525167,1,1
3P5B,HUMAN,A,Q8NBP7,ENST00000302118,506,K,58.7766666667,-13.9698888889,-45.0235555556,55525168,55525170,1,1
3P5B,HUMAN,A,Q8NBP7,ENST00000302118,507,L,59.399625,-13.215625,-49.69525,55525171,55525173,1,1
3P5B,HUMAN,A,Q8NBP7,ENST00000302118,508,V,56.138,-9.80771428571,-48.9712857143,55525174,55525176,1,1
3P5B,HUMAN,A,Q8NBP7,ENST00000302118,509,C,52.706,-9.36433333333,-51.9036666667,55525177,55525179,1,1
3P5B,HUMAN,A,Q8NBP7,ENST00000302118,510,R,54.9549090909,-3.51318181818,-51.6740909091,55525180,55525182,1,1
3P5B,HUMAN,A,Q8NBP7,ENST00000302118,511,A,50.8894,-3.4464,-54.253,55525183,55525185,1,1
3P5B,HUMAN,A,Q8NBP7,ENST00000302118,512,H,53.1346,-0.5507,-55.8806,55525186,55525188,1,1
3P5B,HUMAN,A,Q8NBP7,ENST00000302118,513,N,48.12975,3.082625,-56.175625,55525189,55525191,1,1
3P5B,HUMAN,A,Q8NBP7,ENST00000302118,514,A,48.0736,4.8664,-59.0958,55525192,55525194,1,1
3P5B,HUMAN,A,Q8NBP7,ENST00000302118,515,F,49.8436363636,8.75390909091,-59.4967272727,55525195,55525197,1,1
3P5B,HUMAN,A,Q8NBP7,ENST00000302118,516,G,43.7285,8.21125,-59.0205,55525198,55525200,1,1
3P5B,HUMAN,A,Q8NBP7,ENST00000302118,517,G,43.09975,5.7285,-57.59775,55525201,55525203,1,1
3P5B,HUMAN,A,Q8NBP7,ENST00000302118,518,E,40.218,3.39155555556,-55.7397777778,55525204,55525206,1,1
3P5B,HUMAN,A,Q8NBP7,ENST00000302118,519,G,43.026,1.241,-54.9615,55525207,55525209,1,1
3P5B,HUMAN,A,Q8NBP7,ENST00000302118,520,V,45.5095714286,-1.567,-54.929,55525210,55525212,1,1
3P5B,HUMAN,A,Q8NBP7,ENST00000302118,521,Y,42.4156666667,-4.98241666667,-53.22,55525213,55525215,1,1
3P5B,HUMAN,A,Q8NBP7,ENST00000302118,522,A,47.4282,-7.7556,-52.5896,55525216,55525218,1,1
3P5B,HUMAN,A,Q8NBP7,ENST00000302118,523,I,46.593,-11.0645,-54.85025,55525219,55525221,1,1
3P5B,HUMAN,A,Q8NBP7,ENST00000302118,524,A,48.9404,-14.067,-52.4342,55525222,55525224,1,1
3P5B,HUMAN,A,Q8NBP7,ENST00000302118,525,R,48.4734545455,-19.0464545455,-54.4891818182,55525225,55525227,1,1
3P5B,HUMAN,A,Q8NBP7,ENST00000302118,526,C,50.4195,-19.2773333333,-50.089,55525228,55525230,1,1
3P5B,HUMAN,A,Q8NBP7,ENST00000302118,527,C,52.3443333333,-22.7721666667,-51.219,55525231,55525233,1,1
3P5B,HUMAN,A,Q8NBP7,ENST00000302118,528,L,52.755875,-26.3135,-48.3105,55525234,55525236,1,1
3P5B,HUMAN,A,Q8NBP7,ENST00000302118,529,L,57.4075,-26.816125,-51.2705,55525237,55525239,1,1
3P5B,HUMAN,A,Q8NBP7,ENST00000302118,530,P,58.8818571429,-29.7388571429,-49.0435714286,55525240,55525242,1,1
3P5B,HUMAN,A,Q8NBP7,ENST00000302118,531,Q,64.1882222222,-28.8285555556,-48.9217777778,55525243,55525245,1,1
3P5B,HUMAN,A,Q8NBP7,ENST00000302118,532,A,62.8458,-25.2008,-51.1144,55525246,55525248,1,1
3P5B,HUMAN,A,Q8NBP7,ENST00000302118,533,N,66.103,-23.285375,-52.45775,55525249,55525251,1,1
3P5B,HUMAN,A,Q8NBP7,ENST00000302118,534,C,62.8851666667,-19.8201666667,-53.2043333333,55525252,55525254,1,1
3P5B,HUMAN,A,Q8NBP7,ENST00000302118,535,S,64.9841666667,-16.7025,-55.3541666667,55525255,55525257,1,1
3P5B,HUMAN,A,Q8NBP7,ENST00000302118,536,V,62.8267142857,-13.0732857143,-56.2864285714,55525258,55525260,1,1
3P5B,HUMAN,A,Q8NBP7,ENST00000302118,537,H,65.7219,-13.9167,-59.8537,55525261,55525263,1,1
3P5B,HUMAN,A,Q8NBP7,ENST00000302118,538,T,65.1017142857,-8.26871428571,-59.8331428571,55525264,55525266,1,1
3P5B,HUMAN,A,Q8NBP7,ENST00000302118,539,A,64.962,-6.871,-63.6886,55525267,55525269,1,1
3P5B,HUMAN,A,Q8NBP7,ENST00000302118,540,P,66.3127142857,-3.82457142857,-64.6997142857,55525270,55525272,1,1
3P5B,HUMAN,A,Q8NBP7,ENST00000302118,541,P,63.8345714286,-1.38557142857,-66.7495714286,55525273,55525275,1,1
3P5B,HUMAN,A,Q8NBP7,ENST00000302118,542,A,65.216,-2.5356,-70.9076,55525276,55525278,1,1
3P5B,HUMAN,A,Q8NBP7,ENST00000302118,543,E,63.3348888889,0.982222222222,-72.2443333333,55525279,55525281,1,1
3P5B,HUMAN,A,Q8NBP7,ENST00000302118,544,A,64.2504,-2.8272,-75.9848,55525282,55525284,1,1
3P5B,HUMAN,A,Q8NBP7,ENST00000302118,545,S,61.041,-2.56466666667,-78.2563333333,55525285,55525287,1,1
3P5B,HUMAN,A,Q8NBP7,ENST00000302118,546,M,61.087375,-6.70975,-77.37525,55525288,55525290,1,1
3P5B,HUMAN,A,Q8NBP7,ENST00000302118,547,G,61.0685,-5.951,-73.278,55525291,55525293,1,1
3P5B,HUMAN,A,Q8NBP7,ENST00000302118,548,T,61.4811428571,-6.48557142857,-69.4131428571,55525294,55525296,1,1
3P5B,HUMAN,A,Q8NBP7,ENST00000302118,549,R,64.7661818182,-10.9395454545,-71.0282727273,55525297,55525299,1,1
3P5B,HUMAN,A,Q8NBP7,ENST00000302118,550,V,64.0051428571,-12.6825714286,-66.2884285714,55525300,55525302,1,1
3P5B,HUMAN,A,Q8NBP7,ENST00000302118,551,H,66.3416,-16.3882,-67.7037,55525303,55525305,1,1
3P5B,HUMAN,A,Q8NBP7,ENST00000302118,552,C,65.569,-19.5468333333,-64.4221666667,55525306,55525308,1,1
3P5B,HUMAN,A,Q8NBP7,ENST00000302118,553,H,70.3408,-18.5107,-64.0609,55525309,55525311,1,1
3P5B,HUMAN,A,Q8NBP7,ENST00000302118,554,Q,70.1632222222,-21.632,-61.2853333333,55525312,55525314,1,1
3P5B,HUMAN,A,Q8NBP7,ENST00000302118,555,Q,70.8418888889,-26.5413333333,-64.3782222222,55525315,55525317,1,1
3P5B,HUMAN,A,Q8NBP7,ENST00000302118,556,G,66.07075,-27.1495,-61.92725,55525318,55525320,1,1
3P5B,HUMAN,A,Q8NBP7,ENST00000302118,557,H,66.0525,-23.8066,-60.1453,55525321,55525323,1,1
3P5B,HUMAN,A,Q8NBP7,ENST00000302118,558,V,60.9145714286,-24.3517142857,-61.865,55525324,55525326,1,1
3P5B,HUMAN,A,Q8NBP7,ENST00000302118,559,L,58.658875,-20.12375,-63.432625,55525327,55525329,1,1
3P5B,HUMAN,A,Q8NBP7,ENST00000302118,560,T,56.3531428571,-20.2161428571,-59.7271428571,55525330,55525332,1,1
3P5B,HUMAN,A,Q8NBP7,ENST00000302118,561,G,55.977,-16.51125,-61.046,55525333,55525335,1,1
3P5B,HUMAN,A,Q8NBP7,ENST00000302118,562,C,55.2203333333,-13.5586666667,-62.9956666667,55525336,55525336,1,1
3P5B,HUMAN,A,Q8NBP7,ENST00000302118,563,S,55.791,-9.9865,-61.077,55527050,55527052,1,1
3P5B,HUMAN,A,Q8NBP7,ENST00000302118,564,S,55.2118333333,-6.166,-63.1386666667,55527053,55527055,1,1
3P5B,HUMAN,A,Q8NBP7,ENST00000302118,565,H,57.3403,-2.5977,-60.7016,55527056,55527058,1,1
3P5B,HUMAN,A,Q8NBP7,ENST00000302118,566,W,53.6513571429,-0.177,-63.9632857143,55527059,55527061,1,1
3P5B,HUMAN,A,Q8NBP7,ENST00000302118,567,E,57.8794444444,5.37944444444,-61.7607777778,55527062,55527064,1,1
3P5B,HUMAN,A,Q8NBP7,ENST00000302118,568,V,55.3118571429,5.34057142857,-65.311,55527065,55527067,1,1
3P5B,HUMAN,A,Q8NBP7,ENST00000302118,569,E,52.1324444444,8.14955555556,-64.043,55527068,55527070,1,1
3P5B,HUMAN,A,Q8NBP7,ENST00000302118,570,D,49.281875,4.779375,-67.635125,55527071,55527073,1,1
3P5B,HUMAN,A,Q8NBP7,ENST00000302118,571,L,52.49025,2.330875,-69.4165,55527074,55527076,1,1
3P5B,HUMAN,A,Q8NBP7,ENST00000302118,577,P,51.1426,-1.3634,-74.9718,55527092,55527094,1,1
3P5B,HUMAN,A,Q8NBP7,ENST00000302118,578,V,53.3472,-4.2104,-75.5618,55527095,55527097,1,1
3P5B,HUMAN,A,Q8NBP7,ENST00000302118,579,L,53.2664,-7.7106,-77.1618,55527098,55527100,1,1
3P5B,HUMAN,A,Q8NBP7,ENST00000302118,580,R,56.296,-10.0356,-76.7634,55527101,55527103,1,1
3P5B,HUMAN,A,Q8NBP7,ENST00000302118,581,P,56.9384,-13.608,-77.9594,55527104,55527106,1,1
3P5B,HUMAN,A,Q8NBP7,ENST00000302118,582,R,57.5784545455,-17.0027272727,-75.7610909091,55527107,55527109,1,1
3P5B,HUMAN,A,Q8NBP7,ENST00000302118,583,G,62.7185,-16.01175,-75.39075,55527110,55527112,1,1
3P5B,HUMAN,A,Q8NBP7,ENST00000302118,584,Q,63.6126,-18.0592,-72.799,55527113,55527115,1,1
3P5B,HUMAN,A,Q8NBP7,ENST00000302118,585,P,63.3685714286,-21.115,-71.3035714286,55527116,55527118,1,1
3P5B,HUMAN,A,Q8NBP7,ENST00000302118,586,N,61.264625,-20.835375,-67.428875,55527119,55527121,1,1
3P5B,HUMAN,A,Q8NBP7,ENST00000302118,587,Q,61.3133333333,-15.6572222222,-69.9881111111,55527122,55527124,1,1
3P5B,HUMAN,A,Q8NBP7,ENST00000302118,588,C,58.7573333333,-13.262,-67.2573333333,55527125,55527127,1,1
3P5B,HUMAN,A,Q8NBP7,ENST00000302118,589,V,56.4797142857,-11.1317142857,-70.5127142857,55527128,55527130,1,1
3P5B,HUMAN,A,Q8NBP7,ENST00000302118,590,G,57.29,-7.3305,-69.9175,55527131,55527133,1,1
3P5B,HUMAN,A,Q8NBP7,ENST00000302118,591,H,55.9302,-2.527,-70.936,55527134,55527136,1,1
3P5B,HUMAN,A,Q8NBP7,ENST00000302118,592,R,59.2946363636,-0.556818181818,-74.1448181818,55527137,55527139,1,1
3P5B,HUMAN,A,Q8NBP7,ENST00000302118,593,E,57.9815555556,1.98455555556,-70.0107777778,55527140,55527142,1,1
3P5B,HUMAN,A,Q8NBP7,ENST00000302118,594,A,58.6086,-2.2478,-66.7196,55527143,55527145,1,1
3P5B,HUMAN,A,Q8NBP7,ENST00000302118,595,S,60.0265,-3.777,-63.7435,55527146,55527148,1,1
3P5B,HUMAN,A,Q8NBP7,ENST00000302118,596,I,60.236125,-8.2815,-64.329375,55527149,55527151,1,1
3P5B,HUMAN,A,Q8NBP7,ENST00000302118,597,H,59.831,-8.9426,-60.1262,55527152,55527154,1,1
3P5B,HUMAN,A,Q8NBP7,ENST00000302118,598,A,61.1284,-14.0732,-61.0276,55527155,55527157,1,1
3P5B,HUMAN,A,Q8NBP7,ENST00000302118,599,S,59.8631666667,-17.182,-58.6308333333,55527158,55527160,1,1
3P5B,HUMAN,A,Q8NBP7,ENST00000302118,600,C,62.99,-19.399,-59.1346666667,55527161,55527163,1,1
3P5B,HUMAN,A,Q8NBP7,ENST00000302118,601,C,61.7453333333,-22.8891666667,-57.2198333333,55527164,55527166,1,1
3P5B,HUMAN,A,Q8NBP7,ENST00000302118,602,H,65.3947,-27.1744,-56.783,55527167,55527169,1,1
3P5B,HUMAN,A,Q8NBP7,ENST00000302118,603,A,62.2728,-29.4444,-56.3588,55527170,55527172,1,1
3P5B,HUMAN,A,Q8NBP7,ENST00000302118,604,P,62.2882857143,-32.7814285714,-55.1507142857,55527173,55527175,1,1
3P5B,HUMAN,A,Q8NBP7,ENST00000302118,605,G,59.30075,-33.10525,-57.968,55527176,55527178,1,1
3P5B,HUMAN,A,Q8NBP7,ENST00000302118,606,L,57.958875,-29.73975,-59.083375,55527179,55527181,1,1
3P5B,HUMAN,A,Q8NBP7,ENST00000302118,607,E,55.7642222222,-30.9666666667,-63.281,55527182,55527184,1,1
3P5B,HUMAN,A,Q8NBP7,ENST00000302118,608,C,55.7735,-26.4158333333,-64.1963333333,55527185,55527187,1,1
3P5B,HUMAN,A,Q8NBP7,ENST00000302118,609,K,53.1597777778,-26.273,-68.4438888889,55527188,55527190,1,1
3P5B,HUMAN,A,Q8NBP7,ENST00000302118,610,V,52.2847142857,-22.4114285714,-69.1252857143,55527191,55527193,1,1
3P5B,HUMAN,A,Q8NBP7,ENST00000302118,611,K,46.7043333333,-23.3833333333,-69.5213333333,55527194,55527196,1,1
3P5B,HUMAN,A,Q8NBP7,ENST00000302118,612,E,48.2171111111,-19.2352222222,-72.8281111111,55527197,55527199,1,1
3P5B,HUMAN,A,Q8NBP7,ENST00000302118,613,H,41.7129,-18.718,-72.7657,55527200,55527202,1,1
3P5B,HUMAN,A,Q8NBP7,ENST00000302118,614,G,41.8085,-15.97025,-75.31375,55527203,55527205,1,1
3P5B,HUMAN,A,Q8NBP7,ENST00000302118,615,I,38.546875,-13.79375,-75.0005,55527206,55527208,1,1
3P5B,HUMAN,A,Q8NBP7,ENST00000302118,616,P,38.3237142857,-11.6017142857,-78.7484285714,55527209,55527211,1,1
3P5B,HUMAN,A,Q8NBP7,ENST00000302118,617,A,36.0034,-8.4004,-77.7254,55527212,55527214,1,1
3P5B,HUMAN,A,Q8NBP7,ENST00000302118,618,P,35.338,-7.41128571429,-74.6932857143,55527215,55527217,1,1
3P5B,HUMAN,A,Q8NBP7,ENST00000302118,619,Q,35.2416666667,-9.96066666667,-73.2925555556,55527218,55527220,1,1
3P5B,HUMAN,A,Q8NBP7,ENST00000302118,620,E,33.7313333333,-7.75788888889,-68.2264444444,55527221,55527223,1,1
3P5B,HUMAN,A,Q8NBP7,ENST00000302118,621,Q,35.6225555556,-13.0424444444,-66.535,55527224,55527226,1,1
3P5B,HUMAN,A,Q8NBP7,ENST00000302118,622,V,39.4471428571,-14.3202857143,-69.1142857143,55527227,55527229,1,1
3P5B,HUMAN,A,Q8NBP7,ENST00000302118,623,T,38.2611428571,-18.2077142857,-67.5992857143,55529042,55529044,1,1
3P5B,HUMAN,A,Q8NBP7,ENST00000302118,624,V,42.3502857143,-20.1805714286,-67.201,55529045,55529047,1,1
3P5B,HUMAN,A,Q8NBP7,ENST00000302118,625,A,41.9798,-23.8494,-65.6776,55529048,55529050,1,1
3P5B,HUMAN,A,Q8NBP7,ENST00000302118,626,C,44.315,-26.2135,-64.1071666667,55529051,55529053,1,1
3P5B,HUMAN,A,Q8NBP7,ENST00000302118,627,E,43.8834444444,-30.0527777778,-66.6806666667,55529054,55529056,1,1
3P5B,HUMAN,A,Q8NBP7,ENST00000302118,628,E,41.9925555556,-33.169,-62.3225555556,55529057,55529059,1,1
3P5B,HUMAN,A,Q8NBP7,ENST00000302118,629,G,46.01725,-32.584,-60.60675,55529060,55529062,1,1
3P5B,HUMAN,A,Q8NBP7,ENST00000302118,630,W,48.8174285714,-30.42,-63.4935,55529063,55529065,1,1
3P5B,HUMAN,A,Q8NBP7,ENST00000302118,631,T,48.1765714286,-27.1342857143,-58.351,55529066,55529068,1,1
3P5B,HUMAN,A,Q8NBP7,ENST00000302118,632,L,47.1455,-22.464875,-59.8215,55529069,55529071,1,1
3P5B,HUMAN,A,Q8NBP7,ENST00000302118,633,T,51.2415714286,-21.5595714286,-58.8101428571,55529072,55529074,1,1
3P5B,HUMAN,A,Q8NBP7,ENST00000302118,634,G,50.07775,-18.71475,-61.2785,55529075,55529077,1,1
3P5B,HUMAN,A,Q8NBP7,ENST00000302118,635,C,47.8645,-15.4573333333,-62.0475,55529078,55529080,1,1
3P5B,HUMAN,A,Q8NBP7,ENST00000302118,636,S,49.2206666667,-13.621,-65.3046666667,55529081,55529083,1,1
3P5B,HUMAN,A,Q8NBP7,ENST00000302118,637,A,48.1774,-10.615,-67.4604,55529084,55529086,1,1
3P5B,HUMAN,A,Q8NBP7,ENST00000302118,638,L,49.234875,-10.789375,-71.867,55529087,55529089,1,1
3P5B,HUMAN,A,Q8NBP7,ENST00000302118,639,P,50.0661428571,-7.24757142857,-71.9707142857,55529090,55529092,1,1
3P5B,HUMAN,A,Q8NBP7,ENST00000302118,640,G,47.59525,-4.50875,-72.52275,55529093,55529095,1,1
3P5B,HUMAN,A,Q8NBP7,ENST00000302118,643,H,43.733,-1.39,-69.1981,55529102,55529104,1,1
3P5B,HUMAN,A,Q8NBP7,ENST00000302118,644,V,44.1308571429,-4.99514285714,-67.5224285714,55529105,55529107,1,1
3P5B,HUMAN,A,Q8NBP7,ENST00000302118,645,L,41.017875,-3.96375,-64.01975,55529108,55529110,1,1
3P5B,HUMAN,A,Q8NBP7,ENST00000302118,646,G,43.5195,-7.559,-63.13825,55529111,55529113,1,1
3P5B,HUMAN,A,Q8NBP7,ENST00000302118,647,A,44.8924,-10.6328,-61.5296,55529114,55529116,1,1
3P5B,HUMAN,A,Q8NBP7,ENST00000302118,648,Y,41.0605833333,-12.5071666667,-59.4486666667,55529117,55529119,1,1
3P5B,HUMAN,A,Q8NBP7,ENST00000302118,649,A,43.3502,-16.7398,-57.9316,55529120,55529122,1,1
3P5B,HUMAN,A,Q8NBP7,ENST00000302118,650,V,39.7521428571,-18.7332857143,-57.9147142857,55529123,55529125,1,1
3P5B,HUMAN,A,Q8NBP7,ENST00000302118,651,D,41.208125,-23.098375,-56.252625,55529126,55529128,1,1
3P5B,HUMAN,A,Q8NBP7,ENST00000302118,652,N,42.95,-24.458125,-59.244125,55529129,55529131,1,1
3P5B,HUMAN,A,Q8NBP7,ENST00000302118,653,T,40.7944285714,-20.6202857143,-61.7152857143,55529132,55529134,1,1
3P5B,HUMAN,A,Q8NBP7,ENST00000302118,654,C,43.3593333333,-17.5173333333,-63.7168333333,55529135,55529137,1,1
3P5B,HUMAN,A,Q8NBP7,ENST00000302118,655,V,40.5424285714,-14.5491428571,-62.8844285714,55529138,55529140,1,1
3P5B,HUMAN,A,Q8NBP7,ENST00000302118,656,V,41.824,-11.7025714286,-66.0804285714,55529141,55529143,1,1
3P5B,HUMAN,A,Q8NBP7,ENST00000302118,657,R,37.8092727273,-7.98845454545,-63.5588181818,55529144,55529146,1,1
3P5B,HUMAN,A,Q8NBP7,ENST00000302118,658,S,38.6155,-6.25416666667,-68.5168333333,55529147,55529149,1,1
3P5B,HUMAN,A,Q8NBP7,ENST00000302118,659,R,37.2748,-3.029,-69.6576,55529150,55529152,1,1
3P5B,HUMAN,A,Q8NBP7,ENST00000302118,671,A,43,-9.4798,-77.074,55529186,55529188,1,1
3P5B,HUMAN,A,Q8NBP7,ENST00000302118,672,V,42.2135714286,-10.2018571429,-73.1112857143,55529189,55529191,1,1
3P5B,HUMAN,A,Q8NBP7,ENST00000302118,673,T,45.4495714286,-13.2385714286,-72.9058571429,55529192,55529194,1,1
3P5B,HUMAN,A,Q8NBP7,ENST00000302118,674,A,45.142,-15.5642,-69.639,55529195,55529197,1,1
3P5B,HUMAN,A,Q8NBP7,ENST00000302118,675,V,48.8522857143,-16.3465714286,-68.1482857143,55529198,55529200,1,1
3P5B,HUMAN,A,Q8NBP7,ENST00000302118,676,A,48.5668,-19.93,-66.158,55529201,55529203,1,1
3P5B,HUMAN,A,Q8NBP7,ENST00000302118,677,I,51.7785,-21.068125,-63.716875,55529204,55529206,1,1
3P5B,HUMAN,A,Q8NBP7,ENST00000302118,678,C,50.163,-25.3416666667,-63.7026666667,55529207,55529209,1,1
3P5B,HUMAN,A,Q8NBP7,ENST00000302118,679,C,52.4315,-26.9411666667,-60.6008333333,55529210,55529212,1,1
3P5B,HUMAN,A,Q8NBP7,ENST00000302118,680,R,51.3368181818,-32.0685454545,-59.0125454545,55529213,55529215,1,1
3P5B,HUMAN,A,Q8NBP7,ENST00000302118,681,S,54.1283333333,-33.4173333333,-57.131,55529216,55529218,1,1
3P5B,HUMAN,A,Q8NBP7,ENST00000302118,682,R,56.0714,-36.4126,-58.9498,55529219,55529221,1,1
3P5B,HUMAN,L,Q59FQ1,ENST00000558013,316,N,16.4705,-40.3185,-32.225875,11221330,11221332,19,1
3P5B,HUMAN,L,Q59FQ1,ENST00000558013,317,E,12.7175555556,-40.6586666667,-33.2222222222,11221333,11221335,19,1
3P5B,HUMAN,L,Q59FQ1,ENST00000558013,318,C,14.921,-36.0061666667,-33.3141666667,11221336,11221338,19,1
3P5B,HUMAN,L,Q59FQ1,ENST00000558013,319,L,18.4125,-37.382625,-35.9835,11221339,11221341,19,1
3P5B,HUMAN,L,Q59FQ1,ENST00000558013,320,D,13.672375,-36.270625,-39.08475,11221342,11221344,19,1
3P5B,HUMAN,L,Q59FQ1,ENST00000558013,321,N,13.78075,-32.37225,-38.81675,11221345,11221347,19,1
3P5B,HUMAN,L,Q59FQ1,ENST00000558013,322,N,13.299875,-31.884625,-34.082125,11221348,11221350,19,1
3P5B,HUMAN,L,Q59FQ1,ENST00000558013,323,G,10.263,-34.5275,-35.87325,11221351,11221353,19,1
3P5B,HUMAN,L,Q59FQ1,ENST00000558013,324,G,8.51725,-32.01925,-36.594,11221354,11221356,19,1
3P5B,HUMAN,L,Q59FQ1,ENST00000558013,325,C,9.17433333333,-30.4006666667,-33.8891666667,11221357,11221359,19,1
3P5B,HUMAN,L,Q59FQ1,ENST00000558013,326,S,8.94616666667,-26.111,-33.2696666667,11221360,11221362,19,1
3P5B,HUMAN,L,Q59FQ1,ENST00000558013,327,H,10.4049,-24.8746,-30.4725,11221363,11221365,19,1
3P5B,HUMAN,L,Q59FQ1,ENST00000558013,328,V,12.4968571429,-28.9462857143,-27.86,11221366,11221368,19,1
3P5B,HUMAN,L,Q59FQ1,ENST00000558013,329,C,12.8318333333,-32.9938333333,-29.3525,11221369,11221371,19,1
3P5B,HUMAN,L,Q59FQ1,ENST00000558013,330,N,12.3105,-36.068625,-25.908125,11221372,11221374,19,1
3P5B,HUMAN,L,Q59FQ1,ENST00000558013,331,D,15.112375,-39.542875,-26.79875,11221375,11221377,19,1
3P5B,HUMAN,L,Q59FQ1,ENST00000558013,332,L,11.46025,-41.1675,-25.2205,11221378,11221380,19,1
3P5B,HUMAN,L,Q59FQ1,ENST00000558013,333,K,13.6008888889,-45.3158888889,-24.1205555556,11221381,11221383,19,1
3P5B,HUMAN,L,Q59FQ1,ENST00000558013,334,I,9.02725,-45.80025,-26.106875,11221384,11221386,19,1
3P5B,HUMAN,L,Q59FQ1,ENST00000558013,335,G,9.49325,-42.73275,-29.118,11221387,11221389,19,1
3P5B,HUMAN,L,Q59FQ1,ENST00000558013,336,Y,8.645,-38.4425,-31.2924166667,11221390,11221392,19,1
3P5B,HUMAN,L,Q59FQ1,ENST00000558013,337,E,7.79622222222,-36.1195555556,-25.8334444444,11221393,11221395,19,1
3P5B,HUMAN,L,Q59FQ1,ENST00000558013,338,C,7.28783333333,-32.4453333333,-28.852,11221396,11221398,19,1
3P5B,HUMAN,L,Q59FQ1,ENST00000558013,339,L,8.56025,-30.50175,-25.307375,11221399,11221401,19,1
3P5B,HUMAN,L,Q59FQ1,ENST00000558013,340,C,7.18116666667,-26.1423333333,-25.1058333333,11221402,11221404,19,1
3P5B,HUMAN,L,Q59FQ1,ENST00000558013,341,P,8.99742857143,-23.2342857143,-23.9408571429,11221405,11221407,19,1
3P5B,HUMAN,L,Q59FQ1,ENST00000558013,342,D,7.5538,-21.6444,-20.093,11221408,11221410,19,1
3P5B,HUMAN,L,Q59FQ1,ENST00000558013,343,G,5.527,-19.8885,-22.82,11221411,11221413,19,1
3P5B,HUMAN,L,Q59FQ1,ENST00000558013,344,F,5.61872727273,-21.281,-25.6212727273,11221414,11221416,19,1
3P5B,HUMAN,L,Q59FQ1,ENST00000558013,345,Q,0.246888888889,-24.6883333333,-24.8715555556,11221417,11221419,19,1
3P5B,HUMAN,L,Q59FQ1,ENST00000558013,346,L,1.26625,-28.9125,-27.195125,11221420,11221422,19,1
3P5B,HUMAN,L,Q59FQ1,ENST00000558013,347,V,-0.584714285714,-26.1927142857,-30.8171428571,11221423,11221425,19,1
3P5B,HUMAN,L,Q59FQ1,ENST00000558013,348,A,-0.7538,-30.1146,-32.2046,11221426,11221428,19,1
3P5B,HUMAN,L,Q59FQ1,ENST00000558013,349,Q,1.83033333333,-33.6918888889,-30.81,11221429,11221431,19,1
3P5B,HUMAN,L,Q59FQ1,ENST00000558013,350,R,4.98981818182,-29.3783636364,-31.2701818182,11221432,11221434,19,1
3P5B,HUMAN,L,Q59FQ1,ENST00000558013,351,R,1.76090909091,-25.0031818182,-34.0863636364,11221435,11221437,19,1
3P5B,HUMAN,L,Q59FQ1,ENST00000558013,352,C,4.82766666667,-23.7248333333,-30.2048333333,11221438,11221440,19,1
3P5B,HUMAN,L,Q59FQ1,ENST00000558013,353,E,1.06933333333,-20.6263333333,-29.8081111111,11221441,11221443,19,1
3P5B,HUMAN,L,Q59FQ1,ENST00000558013,354,D,2.585125,-17.320875,-26.65625,11221444,11221446,19,1
3P5B,HUMAN,L,Q59FQ1,ENST00000558013,355,I,0.56575,-17.912125,-23.2415,11221447,11221447,19,1
3P5B,HUMAN,L,Q59FQ1,ENST00000558013,356,D,-1.166,-14.100875,-25.3455,11222192,11222194,19,1
3P5B,HUMAN,L,Q59FQ1,ENST00000558013,357,E,-0.361333333333,-13.1074444444,-20.536,11222195,11222197,19,1
3P5B,HUMAN,L,Q59FQ1,ENST00000558013,358,C,-5.36733333333,-10.837,-21.2825,11222198,11222200,19,1
3P5B,HUMAN,L,Q59FQ1,ENST00000558013,359,Q,-7.295,-12.2137777778,-17.5711111111,11222201,11222203,19,1
3P5B,HUMAN,L,Q59FQ1,ENST00000558013,360,D,-5.099375,-10.06125,-14.216375,11222204,11222206,19,1
3P5B,HUMAN,L,Q59FQ1,ENST00000558013,361,P,-3.68014285714,-12.5722857143,-11.3602857143,11222207,11222209,19,1
3P5B,HUMAN,L,Q59FQ1,ENST00000558013,362,D,-1.59925,-15.42625,-13.757125,11222210,11222212,19,1
3P5B,HUMAN,L,Q59FQ1,ENST00000558013,363,T,-1.13085714286,-10.8762857143,-14.9932857143,11222213,11222215,19,1
3P5B,HUMAN,L,Q59FQ1,ENST00000558013,364,C,0.0158333333333,-7.69066666667,-13.484,11222216,11222218,19,1
3P5B,HUMAN,L,Q59FQ1,ENST00000558013,365,S,-1.3405,-4.232,-11.244,11222219,11222221,19,1
3P5B,HUMAN,L,Q59FQ1,ENST00000558013,366,Q,-3.36722222222,-2.006,-13.197,11222222,11222224,19,1
3P5B,HUMAN,L,Q59FQ1,ENST00000558013,367,L,-0.05075,-1.5015,-17.80925,11222225,11222227,19,1
3P5B,HUMAN,L,Q59FQ1,ENST00000558013,368,C,0.0716666666667,-5.43233333333,-19.842,11222228,11222230,19,1
3P5B,HUMAN,L,Q59FQ1,ENST00000558013,369,V,3.085,-6.13128571429,-22.4334285714,11222231,11222233,19,1
3P5B,HUMAN,L,Q59FQ1,ENST00000558013,370,N,2.26575,-8.810875,-25.563625,11222234,11222236,19,1
3P5B,HUMAN,L,Q59FQ1,ENST00000558013,371,L,6.2365,-11.077125,-24.691875,11222237,11222239,19,1
3P5B,HUMAN,L,Q59FQ1,ENST00000558013,372,E,8.03433333333,-13.0377777778,-27.219,11222240,11222242,19,1
3P5B,HUMAN,L,Q59FQ1,ENST00000558013,373,G,7.97375,-15.294,-23.92825,11222243,11222245,19,1
3P5B,HUMAN,L,Q59FQ1,ENST00000558013,374,G,6.41375,-13.889,-21.58,11222246,11222248,19,1
3P5B,HUMAN,L,Q59FQ1,ENST00000558013,375,Y,4.7835,-11.7751666667,-17.459,11222249,11222251,19,1
3P5B,HUMAN,L,Q59FQ1,ENST00000558013,376,K,6.76988888889,-6.09044444444,-19.3871111111,11222252,11222254,19,1
3P5B,HUMAN,L,Q59FQ1,ENST00000558013,377,C,4.78216666667,-5.45183333333,-16.395,11222255,11222257,19,1
3P5B,HUMAN,L,Q59FQ1,ENST00000558013,378,Q,4.86466666667,-1.20144444444,-18.4845555556,11222258,11222260,19,1
3P5B,HUMAN,L,Q59FQ1,ENST00000558013,379,C,3.50016666667,1.45216666667,-14.5161666667,11222261,11222263,19,1
3P5B,HUMAN,L,Q59FQ1,ENST00000558013,380,E,-0.0132222222222,2.83144444444,-14.2032222222,11222264,11222266,19,1
3P5B,HUMAN,L,Q59FQ1,ENST00000558013,381,E,1.78022222222,8.72455555556,-15.8755555556,11222267,11222269,19,1
3P5B,HUMAN,L,Q59FQ1,ENST00000558013,382,G,2.74525,8.20675,-11.76625,11222270,11222272,19,1
3P5B,HUMAN,L,Q59FQ1,ENST00000558013,383,F,1.19318181818,5.09681818182,-10.6619090909,11222273,11222275,19,1
3P5B,HUMAN,L,Q59FQ1,ENST00000558013,384,Q,6.95022222222,4.30655555556,-9.77977777778,11222276,11222278,19,1
3P5B,HUMAN,L,Q59FQ1,ENST00000558013,385,L,8.54225,0.01425,-9.57375,11222279,11222281,19,1
3P5B,HUMAN,L,Q59FQ1,ENST00000558013,386,D,6.744625,-1.818375,-4.52975,11222282,11222284,19,1
3P5B,HUMAN,L,Q59FQ1,ENST00000558013,387,P,9.86142857143,-3.35057142857,-3.995,11222285,11222287,19,1
3P5B,HUMAN,L,Q59FQ1,ENST00000558013,388,H,7.8286,-3.8859,0.8431,11222288,11222290,19,1
3P5B,HUMAN,L,Q59FQ1,ENST00000558013,389,T,4.16542857143,-4.56628571429,-2.24185714286,11222291,11222293,19,1
3P5B,HUMAN,L,Q59FQ1,ENST00000558013,390,K,5.81,-6.50322222222,-7.02522222222,11222294,11222296,19,1
3P5B,HUMAN,L,Q59FQ1,ENST00000558013,391,A,2.6728,-3.0088,-6.8476,11222297,11222299,19,1
3P5B,HUMAN,L,Q59FQ1,ENST00000558013,392,C,1.86016666667,0.195166666667,-8.947,11222300,11222302,19,1
3P5B,HUMAN,L,Q59FQ1,ENST00000558013,393,K,2.84922222222,2.05611111111,-5.75188888889,11222303,11222305,19,1
3P5B,HUMAN,L,Q59FQ1,ENST00000558013,394,A,2.4356,6.1278,-5.6376,11222306,11222308,19,1
3P5B,HUMAN,L,Q59FQ1,ENST00000558013,395,V,5.66657142857,8.55428571429,-6.19414285714,11222309,11222311,19,1
3P5B,HUMAN,L,Q59FQ1,ENST00000558013,396,G,5.1755,8.85375,-2.0395,11222312,11222314,19,1
3P5B,HUMAN,L,Q59FQ1,ENST00000558013,397,S,3.7625,5.77266666667,-1.24983333333,11222315,11222315,19,1
3P5B,HUMAN,L,Q59FQ1,ENST00000558013,398,I,7.1685,4.16575,-2.08825,11223956,11223958,19,1
3P5B,HUMAN,L,Q59FQ1,ENST00000558013,399,A,10.0254,5.1138,1.1376,11223959,11223961,19,1
3P5B,HUMAN,L,Q59FQ1,ENST00000558013,400,Y,12.47925,5.047,-1.96116666667,11223962,11223964,19,1
3P5B,HUMAN,L,Q59FQ1,ENST00000558013,401,L,16.95975,6.69225,2.20275,11223965,11223967,19,1
3P5B,HUMAN,L,Q59FQ1,ENST00000558013,402,F,17.0527272727,9.50381818182,-2.28590909091,11223968,11223970,19,1
3P5B,HUMAN,L,Q59FQ1,ENST00000558013,403,F,22.9557272727,7.64945454545,-0.351,11223971,11223973,19,1
3P5B,HUMAN,L,Q59FQ1,ENST00000558013,404,T,25.5707142857,11.835,-1.44314285714,11223974,11223976,19,1
3P5B,HUMAN,L,Q59FQ1,ENST00000558013,405,N,28.43675,7.76775,-3.055,11223977,11223979,19,1
3P5B,HUMAN,L,Q59FQ1,ENST00000558013,406,R,33.0621818182,10.6946363636,-3.52318181818,11223980,11223982,19,1
3P5B,HUMAN,L,Q59FQ1,ENST00000558013,407,H,31.8977,10.0425,-8.206,11223983,11223985,19,1
3P5B,HUMAN,L,Q59FQ1,ENST00000558013,408,E,26.7038888889,7.48755555556,-7.537,11223986,11223988,19,1
3P5B,HUMAN,L,Q59FQ1,ENST00000558013,409,V,22.7002857143,9.78457142857,-6.193,11223989,11223991,19,1
3P5B,HUMAN,L,Q59FQ1,ENST00000558013,410,R,24.1763636364,4.627,-4.21145454545,11223992,11223994,19,1
3P5B,HUMAN,L,Q59FQ1,ENST00000558013,411,K,16.8267777778,4.46344444444,-5.20533333333,11223995,11223997,19,1
3P5B,HUMAN,L,Q59FQ1,ENST00000558013,412,M,18.12825,2.7815,0.022375,11223998,11224000,19,1
3P5B,HUMAN,L,Q59FQ1,ENST00000558013,413,T,14.5077142857,0.701285714286,0.668,11224001,11224003,19,1
3P5B,HUMAN,L,Q59FQ1,ENST00000558013,414,L,13.252,1.902375,4.868125,11224004,11224006,19,1
3P5B,HUMAN,L,Q59FQ1,ENST00000558013,415,D,14.142625,-2.900625,3.968125,11224007,11224009,19,1
3P5B,HUMAN,L,Q59FQ1,ENST00000558013,416,R,19.1659090909,-1.84845454545,2.51481818182,11224010,11224012,19,1
3P5B,HUMAN,L,Q59FQ1,ENST00000558013,417,S,15.4676666667,-3.45066666667,-0.7705,11224013,11224015,19,1
3P5B,HUMAN,L,Q59FQ1,ENST00000558013,418,E,14.9887777778,-1.54266666667,-5.01511111111,11224016,11224018,19,1
3P5B,HUMAN,L,Q59FQ1,ENST00000558013,419,Y,21.8516666667,-0.805166666667,-3.03583333333,11224019,11224021,19,1
3P5B,HUMAN,L,Q59FQ1,ENST00000558013,420,T,19.7952857143,1.36528571429,-7.20142857143,11224022,11224024,19,1
3P5B,HUMAN,L,Q59FQ1,ENST00000558013,421,S,21.9393333333,4.2315,-8.9785,11224025,11224027,19,1
3P5B,HUMAN,L,Q59FQ1,ENST00000558013,422,L,18.7835,7.79425,-8.772875,11224028,11224030,19,1
3P5B,HUMAN,L,Q59FQ1,ENST00000558013,423,I,21.523375,10.37225,-10.294,11224031,11224033,19,1
3P5B,HUMAN,L,Q59FQ1,ENST00000558013,424,P,24.0598571429,8.69442857143,-13.0772857143,11224034,11224036,19,1
3P5B,HUMAN,L,Q59FQ1,ENST00000558013,425,N,27.2865,10.2145,-15.16175,11224037,11224039,19,1
3P5B,HUMAN,L,Q59FQ1,ENST00000558013,426,L,27.522125,12.8225,-10.81225,11224040,11224042,19,1
3P5B,HUMAN,L,Q59FQ1,ENST00000558013,427,R,31.0831818182,16.289,-11.9357272727,11224043,11224045,19,1
3P5B,HUMAN,L,Q59FQ1,ENST00000558013,428,N,32.2425,16.066125,-6.190125,11224046,11224048,19,1
3P5B,HUMAN,L,Q59FQ1,ENST00000558013,429,V,27.8498571429,15.0168571429,-4.98771428571,11224049,11224051,19,1
3P5B,HUMAN,L,Q59FQ1,ENST00000558013,430,V,28.2555714286,17.3987142857,-1.48542857143,11224052,11224054,19,1
3P5B,HUMAN,L,Q59FQ1,ENST00000558013,431,A,24.33,18.2346,-1.5852,11224055,11224057,19,1
3P5B,HUMAN,L,Q59FQ1,ENST00000558013,432,L,20.6725,15.8735,-1.58175,11224058,11224060,19,1
3P5B,HUMAN,L,Q59FQ1,ENST00000558013,433,D,16.598625,18.554875,-1.4525,11224061,11224063,19,1
3P5B,HUMAN,L,Q59FQ1,ENST00000558013,434,T,13.8725714286,16.0848571429,-2.883,11224064,11224066,19,1
3P5B,HUMAN,L,Q59FQ1,ENST00000558013,435,E,10.5383333333,18.9371111111,-5.45155555556,11224067,11224069,19,1
3P5B,HUMAN,L,Q59FQ1,ENST00000558013,436,V,7.71828571429,14.5092857143,-3.73514285714,11224070,11224072,19,1
3P5B,HUMAN,L,Q59FQ1,ENST00000558013,437,A,5.1998,16.6272,-6.2582,11224073,11224075,19,1
3P5B,HUMAN,L,Q59FQ1,ENST00000558013,438,S,7.4275,17.9978333333,-8.88266666667,11224076,11224078,19,1
3P5B,HUMAN,L,Q59FQ1,ENST00000558013,439,N,9.483,13.71625,-9.684375,11224079,11224081,19,1
3P5B,HUMAN,L,Q59FQ1,ENST00000558013,440,R,12.5002727273,18.3048181818,-10.6474545455,11224082,11224084,19,1
3P5B,HUMAN,L,Q59FQ1,ENST00000558013,441,I,16.887375,15.545375,-7.549375,11224085,11224087,19,1
3P5B,HUMAN,L,Q59FQ1,ENST00000558013,442,Y,16.4346666667,20.3995833333,-6.78483333333,11224088,11224090,19,1
3P5B,HUMAN,L,Q59FQ1,ENST00000558013,443,W,22.3060714286,17.6012857143,-8.42071428571,11224091,11224093,19,1
3P5B,HUMAN,L,Q59FQ1,ENST00000558013,444,S,25.5188333333,20.3738333333,-4.92616666667,11224094,11224096,19,1
3P5B,HUMAN,L,Q59FQ1,ENST00000558013,445,D,29.175125,19.670625,-8.025125,11224097,11224099,19,1
3P5B,HUMAN,L,Q59FQ1,ENST00000558013,446,L,32.581,20.81975,-5.03375,11224100,11224102,19,1
3P5B,HUMAN,L,Q59FQ1,ENST00000558013,447,S,33.782,20.4428333333,-9.7405,11224103,11224105,19,1
3P5B,HUMAN,L,Q59FQ1,ENST00000558013,448,Q,31.7904444444,22.8236666667,-12.6071111111,11224106,11224108,19,1
3P5B,HUMAN,L,Q59FQ1,ENST00000558013,449,R,32.0605454545,27.5442727273,-8.83127272727,11224109,11224111,19,1
3P5B,HUMAN,L,Q59FQ1,ENST00000558013,450,M,27.289125,23.8685,-10.3695,11224112,11224114,19,1
3P5B,HUMAN,L,Q59FQ1,ENST00000558013,451,I,23.06775,24.32825,-7.695875,11224115,11224117,19,1
3P5B,HUMAN,L,Q59FQ1,ENST00000558013,452,C,22.1553333333,20.8456666667,-10.4743333333,11224118,11224120,19,1
3P5B,HUMAN,L,Q59FQ1,ENST00000558013,453,S,18.0725,19.7195,-11.4716666667,11224121,11224123,19,1
3P5B,HUMAN,L,Q59FQ1,ENST00000558013,454,T,16.7072857143,16.1878571429,-12.8792857143,11224124,11224125,19,1
3P5B,HUMAN,L,Q59FQ1,ENST00000558013,455,Q,12.1474444444,15.2923333333,-13.8818888889,11224212,11224214,19,1
3P5B,HUMAN,L,Q59FQ1,ENST00000558013,456,L,12.965125,11.756875,-11.279375,11224215,11224217,19,1
3P5B,HUMAN,L,Q59FQ1,ENST00000558013,463,S,17.5355,13.9406666667,-17.9951666667,11224236,11224238,19,1
3P5B,HUMAN,L,Q59FQ1,ENST00000558013,464,S,19.3506666667,17.262,-19.0283333333,11224239,11224241,19,1
3P5B,HUMAN,L,Q59FQ1,ENST00000558013,465,Y,21.8163333333,16.0976666667,-15.8421666667,11224242,11224244,19,1
3P5B,HUMAN,L,Q59FQ1,ENST00000558013,466,D,18.4685,21.241625,-15.74625,11224245,11224247,19,1
3P5B,HUMAN,L,Q59FQ1,ENST00000558013,467,T,21.889,24.574,-14.4034285714,11224248,11224250,19,1
3P5B,HUMAN,L,Q59FQ1,ENST00000558013,468,V,19.8804285714,26.3418571429,-10.833,11224251,11224253,19,1
3P5B,HUMAN,L,Q59FQ1,ENST00000558013,469,I,22.8435,28.554125,-9.1605,11224254,11224256,19,1
3P5B,HUMAN,L,Q59FQ1,ENST00000558013,470,S,26.6506666667,28.9198333333,-11.7361666667,11224257,11224259,19,1
3P5B,HUMAN,L,Q59FQ1,ENST00000558013,471,R,25.6861818182,33.8322727273,-10.9997272727,11224260,11224262,19,1
3P5B,HUMAN,L,Q59FQ1,ENST00000558013,472,D,28.59,34.71825,-7.8335,11224263,11224265,19,1
3P5B,HUMAN,L,Q59FQ1,ENST00000558013,473,I,28.818375,29.682,-5.756625,11224266,11224268,19,1
3P5B,HUMAN,L,Q59FQ1,ENST00000558013,474,Q,33.0804444444,29.7813333333,-3.49255555556,11224269,11224271,19,1
3P5B,HUMAN,L,Q59FQ1,ENST00000558013,475,A,30.7614,26.0526,-1.2858,11224272,11224274,19,1
3P5B,HUMAN,L,Q59FQ1,ENST00000558013,476,P,27.5628571429,24.4971428571,-1.707,11224275,11224277,19,1
3P5B,HUMAN,L,Q59FQ1,ENST00000558013,477,D,27.761375,22.827,2.604,11224278,11224280,19,1
3P5B,HUMAN,L,Q59FQ1,ENST00000558013,478,G,23.18825,23.0575,1.84675,11224281,11224283,19,1
3P5B,HUMAN,L,Q59FQ1,ENST00000558013,479,L,20.444125,22.036125,-0.475375,11224284,11224286,19,1
3P5B,HUMAN,L,Q59FQ1,ENST00000558013,480,A,16.4218,23.8018,0.913,11224287,11224289,19,1
3P5B,HUMAN,L,Q59FQ1,ENST00000558013,481,V,13.4494285714,22.9875714286,-1.739,11224290,11224292,19,1
3P5B,HUMAN,L,Q59FQ1,ENST00000558013,482,D,9.684625,26.08375,-0.810875,11224293,11224295,19,1
3P5B,HUMAN,L,Q59FQ1,ENST00000558013,483,W,7.48985714286,21.8021428571,-0.076,11224296,11224298,19,1
3P5B,HUMAN,L,Q59FQ1,ENST00000558013,484,I,4.5635,25.4575,-1.383625,11224299,11224301,19,1
3P5B,HUMAN,L,Q59FQ1,ENST00000558013,485,H,6.3361,29.3473,-1.8837,11224302,11224304,19,1
3P5B,HUMAN,L,Q59FQ1,ENST00000558013,486,S,9.01883333333,27.1683333333,-6.20116666667,11224305,11224307,19,1
3P5B,HUMAN,L,Q59FQ1,ENST00000558013,487,N,11.769,29.0035,-3.870625,11224308,11224310,19,1
3P5B,HUMAN,L,Q59FQ1,ENST00000558013,488,I,16.609,26.67625,-3.931375,11224311,11224313,19,1
3P5B,HUMAN,L,Q59FQ1,ENST00000558013,489,Y,15.9013333333,28.6728333333,0.623083333333,11224314,11224316,19,1
3P5B,HUMAN,L,Q59FQ1,ENST00000558013,490,W,22.1732142857,28.9070714286,-2.05278571429,11224317,11224319,19,1
3P5B,HUMAN,L,Q59FQ1,ENST00000558013,491,T,24.3947142857,27.2657142857,2.88742857143,11224320,11224322,19,1
3P5B,HUMAN,L,Q59FQ1,ENST00000558013,492,D,28.646125,29.453375,1.123,11224323,11224325,19,1
3P5B,HUMAN,L,Q59FQ1,ENST00000558013,493,S,30.9106666667,27.728,4.2575,11224326,11224328,19,1
3P5B,HUMAN,L,Q59FQ1,ENST00000558013,494,V,33.5574285714,30.0391428571,2.368,11224329,11224331,19,1
3P5B,HUMAN,L,Q59FQ1,ENST00000558013,495,L,30.969125,33.475875,1.21775,11224332,11224334,19,1
3P5B,HUMAN,L,Q59FQ1,ENST00000558013,496,G,28.7215,33.2045,5.05625,11224335,11224337,19,1
3P5B,HUMAN,L,Q59FQ1,ENST00000558013,497,T,26.2471428571,33.3024285714,2.77257142857,11224338,11224340,19,1
3P5B,HUMAN,L,Q59FQ1,ENST00000558013,498,V,21.9875714286,32.2784285714,3.726,11224341,11224343,19,1
3P5B,HUMAN,L,Q59FQ1,ENST00000558013,499,S,21.1636666667,32.3333333333,-0.304,11224344,11224346,19,1
3P5B,HUMAN,L,Q59FQ1,ENST00000558013,500,V,17.135,32.869,-2.05271428571,11224347,11224349,19,1
3P5B,HUMAN,L,Q59FQ1,ENST00000558013,501,A,16.464,31.0238,-5.4128,11224350,11224352,19,1
3P5B,HUMAN,L,Q59FQ1,ENST00000558013,502,D,13.969125,30.938125,-8.694625,11224353,11224355,19,1
3P5B,HUMAN,L,Q59FQ1,ENST00000558013,503,T,13.9594285714,26.6868571429,-8.638,11224356,11224358,19,1
3P5B,HUMAN,L,Q59FQ1,ENST00000558013,504,K,13.1422222222,27.841,-12.9925555556,11224359,11224361,19,1
3P5B,HUMAN,L,Q59FQ1,ENST00000558013,505,G,17.43175,30.41625,-11.54,11224362,11224364,19,1
3P5B,HUMAN,L,Q59FQ1,ENST00000558013,506,V,16.1818571429,33.737,-12.232,11224365,11224367,19,1
3P5B,HUMAN,L,Q59FQ1,ENST00000558013,507,K,14.1265555556,36.035,-9.39655555556,11224368,11224370,19,1
3P5B,HUMAN,L,Q59FQ1,ENST00000558013,508,R,21.3142727273,35.0590909091,-6.14927272727,11224371,11224373,19,1
3P5B,HUMAN,L,Q59FQ1,ENST00000558013,509,K,18.0982222222,38.1882222222,-1.68733333333,11224374,11224376,19,1
3P5B,HUMAN,L,Q59FQ1,ENST00000558013,510,T,21.8971428571,37.4515714286,0.0835714285714,11224377,11224379,19,1
3P5B,HUMAN,L,Q59FQ1,ENST00000558013,511,L,18.648875,36.1545,3.08525,11224380,11224382,19,1
3P5B,HUMAN,L,Q59FQ1,ENST00000558013,512,F,23.1295454545,35.5009090909,7.40072727273,11224383,11224385,19,1
3P5B,HUMAN,L,Q59FQ1,ENST00000558013,513,R,26.7822727273,38.5740909091,3.74654545455,11224386,11224388,19,1
3P5B,HUMAN,L,Q59FQ1,ENST00000558013,514,E,28.3254444444,36.3887777778,9.876,11224389,11224391,19,1
3P5B,HUMAN,L,Q59FQ1,ENST00000558013,515,N,32.67575,37.100625,7.457875,11224392,11224394,19,1
3P5B,HUMAN,L,Q59FQ1,ENST00000558013,516,G,33.428,33.13525,9.932,11224395,11224397,19,1
3P5B,HUMAN,L,Q59FQ1,ENST00000558013,517,S,30.327,32.0708333333,9.7315,11224398,11224400,19,1
3P5B,HUMAN,L,Q59FQ1,ENST00000558013,518,K,32.0167777778,27.6787777778,9.29655555556,11224401,11224403,19,1
3P5B,HUMAN,L,Q59FQ1,ENST00000558013,519,P,27.1488571429,27.8907142857,7.09171428571,11224404,11224406,19,1
3P5B,HUMAN,L,Q59FQ1,ENST00000558013,520,R,27.0757272727,21.6516363636,6.66063636364,11224407,11224409,19,1
3P5B,HUMAN,L,Q59FQ1,ENST00000558013,521,A,22.6366,22.372,7.0462,11224410,11224412,19,1
3P5B,HUMAN,L,Q59FQ1,ENST00000558013,522,I,19.215875,24.466875,5.311125,11224413,11224415,19,1
3P5B,HUMAN,L,Q59FQ1,ENST00000558013,523,V,15.7105714286,22.8847142857,7.00942857143,11224416,11224418,19,1
3P5B,HUMAN,L,Q59FQ1,ENST00000558013,524,V,12.4957142857,24.7371428571,4.755,11224419,11224421,19,1
3P5B,HUMAN,L,Q59FQ1,ENST00000558013,525,D,8.4275,25.6735,7.82725,11224422,11224424,19,1
3P5B,HUMAN,L,Q59FQ1,ENST00000558013,526,P,6.92814285714,26.2921428571,4.10342857143,11224425,11224427,19,1
3P5B,HUMAN,L,Q59FQ1,ENST00000558013,527,V,3.38471428571,26.2954285714,6.52528571429,11224428,11224430,19,1
3P5B,HUMAN,L,Q59FQ1,ENST00000558013,528,H,4.487,27.6412,10.1075,11224431,11224433,19,1
3P5B,HUMAN,L,Q59FQ1,ENST00000558013,529,G,8.05675,30.80425,7.708,11224434,11224436,19,1
3P5B,HUMAN,L,Q59FQ1,ENST00000558013,530,F,9.796,30.1521818182,10.5027272727,11224437,11224438,19,1
3P5B,HUMAN,L,Q59FQ1,ENST00000558013,531,M,15.119125,29.72325,7.64025,11226771,11226773,19,1
3P5B,HUMAN,L,Q59FQ1,ENST00000558013,532,Y,14.5569166667,26.0636666667,11.1535833333,11226774,11226776,19,1
3P5B,HUMAN,L,Q59FQ1,ENST00000558013,533,W,20.6488571429,28.765,9.4755,11226777,11226779,19,1
3P5B,HUMAN,L,Q59FQ1,ENST00000558013,534,T,24.2685714286,24.8224285714,11.1711428571,11226780,11226782,19,1
3P5B,HUMAN,L,Q59FQ1,ENST00000558013,535,D,27.27925,27.76525,12.56325,11226783,11226785,19,1
3P5B,HUMAN,L,Q59FQ1,ENST00000558013,536,W,32.1352857143,23.7032142857,11.0502857143,11226786,11226788,19,1
3P5B,HUMAN,L,Q59FQ1,ENST00000558013,537,G,31.82575,27.60725,14.5745,11226789,11226791,19,1
3P5B,HUMAN,L,Q59FQ1,ENST00000558013,538,T,33.8168571429,29.7925714286,17.0308571429,11226792,11226794,19,1
3P5B,HUMAN,L,Q59FQ1,ENST00000558013,539,P,30.2191428571,30.7398571429,18.3374285714,11226795,11226797,19,1
3P5B,HUMAN,L,Q59FQ1,ENST00000558013,540,A,28.114,27.2352,17.8642,11226798,11226800,19,1
3P5B,HUMAN,L,Q59FQ1,ENST00000558013,541,K,25.3538888889,29.1076666667,15.8783333333,11226801,11226803,19,1
3P5B,HUMAN,L,Q59FQ1,ENST00000558013,542,I,20.875125,25.909875,15.704,11226804,11226806,19,1
3P5B,HUMAN,L,Q59FQ1,ENST00000558013,543,K,20.9792222222,31.0118888889,13.3977777778,11226807,11226809,19,1
3P5B,HUMAN,L,Q59FQ1,ENST00000558013,544,K,14.359,30.5357777778,14.2337777778,11226810,11226812,19,1
3P5B,HUMAN,L,Q59FQ1,ENST00000558013,545,G,14.349,32.27225,10.3915,11226813,11226815,19,1
3P5B,HUMAN,L,Q59FQ1,ENST00000558013,546,G,12.852,33.76475,7.93875,11226816,11226818,19,1
3P5B,HUMAN,L,Q59FQ1,ENST00000558013,547,L,11.413,31.898125,4.4405,11226819,11226821,19,1
3P5B,HUMAN,L,Q59FQ1,ENST00000558013,548,N,11.9235,37.08325,4.956125,11226822,11226824,19,1
3P5B,HUMAN,L,Q59FQ1,ENST00000558013,549,G,15.57825,37.14725,6.0095,11226825,11226827,19,1
3P5B,HUMAN,L,Q59FQ1,ENST00000558013,550,V,14.3941428571,39.5878571429,8.38614285714,11226828,11226830,19,1
3P5B,HUMAN,L,Q59FQ1,ENST00000558013,551,D,13.164,38.087,11.972,11226831,11226833,19,1
3P5B,HUMAN,L,Q59FQ1,ENST00000558013,552,I,18.058875,36.10475,11.635875,11226834,11226836,19,1
3P5B,HUMAN,L,Q59FQ1,ENST00000558013,553,Y,15.9405833333,33.9764166667,16.6730833333,11226837,11226839,19,1
3P5B,HUMAN,L,Q59FQ1,ENST00000558013,554,S,20.0105,32.1198333333,18.0428333333,11226840,11226842,19,1
3P5B,HUMAN,L,Q59FQ1,ENST00000558013,555,L,16.941875,28.212875,18.674625,11226843,11226845,19,1
3P5B,HUMAN,L,Q59FQ1,ENST00000558013,556,V,20.6541428571,26.1021428571,19.9125714286,11226846,11226848,19,1
3P5B,HUMAN,L,Q59FQ1,ENST00000558013,557,T,23.5072857143,28.4112857143,22.2964285714,11226849,11226851,19,1
3P5B,HUMAN,L,Q59FQ1,ENST00000558013,558,E,24.7037777778,26.0841111111,25.8582222222,11226852,11226854,19,1
3P5B,HUMAN,L,Q59FQ1,ENST00000558013,559,N,25.378625,21.74725,25.254125,11226855,11226857,19,1
3P5B,HUMAN,L,Q59FQ1,ENST00000558013,560,I,26.654875,23.1305,20.20375,11226858,11226860,19,1
3P5B,HUMAN,L,Q59FQ1,ENST00000558013,561,Q,31.23,22.3182222222,19.7101111111,11226861,11226863,19,1
3P5B,HUMAN,L,Q59FQ1,ENST00000558013,562,W,32.717,19.9140714286,15.2264285714,11226864,11226866,19,1
3P5B,HUMAN,L,Q59FQ1,ENST00000558013,563,P,26.5678571429,21.5064285714,14.1397142857,11226867,11226869,19,1
3P5B,HUMAN,L,Q59FQ1,ENST00000558013,564,N,26.948375,18.423625,10.78175,11226870,11226872,19,1
3P5B,HUMAN,L,Q59FQ1,ENST00000558013,565,G,22.85225,17.83675,10.281,11226873,11226875,19,1
3P5B,HUMAN,L,Q59FQ1,ENST00000558013,566,I,19.153125,19.734875,10.321,11226876,11226878,19,1
3P5B,HUMAN,L,Q59FQ1,ENST00000558013,567,T,15.7438571429,16.8318571429,10.0651428571,11226879,11226881,19,1
3P5B,HUMAN,L,Q59FQ1,ENST00000558013,568,L,11.766875,19.5975,10.108,11226882,11226884,19,1
3P5B,HUMAN,L,Q59FQ1,ENST00000558013,569,D,8.666,16.241625,11.767625,11226885,11226887,19,1
3P5B,HUMAN,L,Q59FQ1,ENST00000558013,570,L,6.38,20.19975,9.086,11226888,11226888,19,1
3P5B,HUMAN,L,Q59FQ1,ENST00000558013,571,L,3.37775,17.057375,10.47725,11227537,11227539,19,1
3P5B,HUMAN,L,Q59FQ1,ENST00000558013,572,S,5.458,17.4606666667,14.8801666667,11227540,11227542,19,1
3P5B,HUMAN,L,Q59FQ1,ENST00000558013,573,G,7.55825,20.114,15.46725,11227543,11227545,19,1
3P5B,HUMAN,L,Q59FQ1,ENST00000558013,574,R,10.9859090909,17.8463636364,18.087,11227546,11227548,19,1
3P5B,HUMAN,L,Q59FQ1,ENST00000558013,575,L,14.346875,20.402125,14.928,11227549,11227551,19,1
3P5B,HUMAN,L,Q59FQ1,ENST00000558013,576,Y,14.8255,15.3573333333,15.0391666667,11227552,11227554,19,1
3P5B,HUMAN,L,Q59FQ1,ENST00000558013,577,W,20.62,18.7877142857,16.9025,11227555,11227557,19,1
3P5B,HUMAN,L,Q59FQ1,ENST00000558013,578,V,23.9375714286,15.4404285714,14.0028571429,11227558,11227560,19,1
3P5B,HUMAN,L,Q59FQ1,ENST00000558013,579,D,27.442875,16.795,17.271875,11227561,11227563,19,1
3P5B,HUMAN,L,Q59FQ1,ENST00000558013,580,S,30.7076666667,15.2486666667,15.3375,11227564,11227566,19,1
3P5B,HUMAN,L,Q59FQ1,ENST00000558013,581,K,33.8621111111,17.2674444444,19.0874444444,11227567,11227569,19,1
3P5B,HUMAN,L,Q59FQ1,ENST00000558013,582,L,29.3075,16.289125,21.549875,11227570,11227572,19,1
3P5B,HUMAN,L,Q59FQ1,ENST00000558013,583,H,30.5637,11.9174,19.4511,11227573,11227575,19,1
3P5B,HUMAN,L,Q59FQ1,ENST00000558013,584,S,25.1858333333,13.7155,19.7541666667,11227576,11227578,19,1
3P5B,HUMAN,L,Q59FQ1,ENST00000558013,585,I,21.47075,12.2675,17.936875,11227579,11227581,19,1
3P5B,HUMAN,L,Q59FQ1,ENST00000558013,586,S,19.6535,16.0035,19.7028333333,11227582,11227584,19,1
3P5B,HUMAN,L,Q59FQ1,ENST00000558013,587,S,15.6145,16.8388333333,20.1415,11227585,11227587,19,1
3P5B,HUMAN,L,Q59FQ1,ENST00000558013,588,I,14.62175,21.263875,19.90925,11227588,11227590,19,1
3P5B,HUMAN,L,Q59FQ1,ENST00000558013,589,D,10.473375,21.974625,20.101625,11227591,11227593,19,1
3P5B,HUMAN,L,Q59FQ1,ENST00000558013,590,V,10.124,24.9594285714,16.3912857143,11227594,11227596,19,1
3P5B,HUMAN,L,Q59FQ1,ENST00000558013,591,N,9.56675,27.0165,20.26175,11227597,11227599,19,1
3P5B,HUMAN,L,Q59FQ1,ENST00000558013,592,G,12.6695,26.339,22.0515,11227600,11227602,19,1
3P5B,HUMAN,L,Q59FQ1,ENST00000558013,593,G,11.9525,23.35775,23.4825,11227603,11227605,19,1
3P5B,HUMAN,L,Q59FQ1,ENST00000558013,594,N,11.025375,20.282,25.41425,11227606,11227608,19,1
3P5B,HUMAN,L,Q59FQ1,ENST00000558013,595,R,18.2826363636,20.2527272727,24.2447272727,11227609,11227611,19,1
3P5B,HUMAN,L,Q59FQ1,ENST00000558013,596,K,15.8676666667,15.5208888889,25.3495555556,11227612,11227614,19,1
3P5B,HUMAN,L,Q59FQ1,ENST00000558013,597,T,19.8502857143,13.4634285714,24.1678571429,11227615,11227617,19,1
3P5B,HUMAN,L,Q59FQ1,ENST00000558013,598,I,18.03275,10.6205,21.1235,11227618,11227620,19,1
3P5B,HUMAN,L,Q59FQ1,ENST00000558013,599,L,22.14125,7.831875,20.8215,11227621,11227623,19,1
3P5B,HUMAN,L,Q59FQ1,ENST00000558013,600,E,25.5984444444,9.97288888889,23.7244444444,11227624,11227626,19,1
3P5B,HUMAN,L,Q59FQ1,ENST00000558013,601,D,27.77525,5.687625,20.0915,11227627,11227629,19,1
3P5B,HUMAN,L,Q59FQ1,ENST00000558013,602,E,32.6008888889,6.16977777778,21.2238888889,11227630,11227632,19,1
3P5B,HUMAN,L,Q59FQ1,ENST00000558013,603,K,32.9184444444,2.28577777778,17.8767777778,11227633,11227635,19,1
3P5B,HUMAN,L,Q59FQ1,ENST00000558013,604,R,27.086,1.86372727273,16.7669090909,11227636,11227638,19,1
3P5B,HUMAN,L,Q59FQ1,ENST00000558013,605,L,27.554625,8.235625,16.619,11227639,11227641,19,1
3P5B,HUMAN,L,Q59FQ1,ENST00000558013,606,A,32.1012,8.8294,15.0148,11227642,11227644,19,1
3P5B,HUMAN,L,Q59FQ1,ENST00000558013,607,H,32.48,12.4178,11.9903,11227645,11227647,19,1
3P5B,HUMAN,L,Q59FQ1,ENST00000558013,608,P,28.0835714286,12.4898571429,12.3228571429,11227648,11227650,19,1
3P5B,HUMAN,L,Q59FQ1,ENST00000558013,609,F,28.8844545455,14.561,7.65809090909,11227651,11227653,19,1
3P5B,HUMAN,L,Q59FQ1,ENST00000558013,610,S,23.2026666667,13.527,7.499,11227654,11227656,19,1
3P5B,HUMAN,L,Q59FQ1,ENST00000558013,611,L,19.83925,13.382875,10.167875,11227657,11227659,19,1
3P5B,HUMAN,L,Q59FQ1,ENST00000558013,612,A,16.6762,11.0778,8.5126,11227660,11227662,19,1
3P5B,HUMAN,L,Q59FQ1,ENST00000558013,613,V,13.3511428571,11.5107142857,10.6072857143,11227663,11227665,19,1
3P5B,HUMAN,L,Q59FQ1,ENST00000558013,614,F,9.67390909091,7.54681818182,8.04763636364,11227666,11227668,19,1
3P5B,HUMAN,L,Q59FQ1,ENST00000558013,615,E,7.337,6.03677777778,10.6898888889,11227669,11227671,19,1
3P5B,HUMAN,L,Q59FQ1,ENST00000558013,616,D,9.98975,4.138,14.18375,11227672,11227674,19,1
3P5B,HUMAN,L,Q59FQ1,ENST00000558013,617,K,13.7231111111,3.47133333333,12.7005555556,11230768,11230770,19,1
3P5B,HUMAN,L,Q59FQ1,ENST00000558013,618,V,16.9532857143,7.73314285714,13.2688571429,11230771,11230773,19,1
3P5B,HUMAN,L,Q59FQ1,ENST00000558013,619,F,17.158,6.45527272727,9.06763636364,11230774,11230776,19,1
3P5B,HUMAN,L,Q59FQ1,ENST00000558013,620,W,22.8824285714,7.351,12.2401428571,11230777,11230779,19,1
3P5B,HUMAN,L,Q59FQ1,ENST00000558013,621,T,25.5177142857,9.35428571429,7.62457142857,11230780,11230782,19,1
3P5B,HUMAN,L,Q59FQ1,ENST00000558013,622,D,29.757,7.770875,9.548375,11230783,11230785,19,1
3P5B,HUMAN,L,Q59FQ1,ENST00000558013,623,I,32.71775,9.655375,7.04675,11230786,11230788,19,1
3P5B,HUMAN,L,Q59FQ1,ENST00000558013,624,I,35.12075,7.047375,10.400875,11230789,11230791,19,1
3P5B,HUMAN,L,Q59FQ1,ENST00000558013,625,N,31.893,3.89,10.25875,11230792,11230794,19,1
3P5B,HUMAN,L,Q59FQ1,ENST00000558013,626,E,32.8858888889,4.07077777778,4.99577777778,11230795,11230797,19,1
3P5B,HUMAN,L,Q59FQ1,ENST00000558013,627,A,27.828,3.6954,7.0466,11230798,11230800,19,1
3P5B,HUMAN,L,Q59FQ1,ENST00000558013,628,I,23.73975,4.1625,6.414,11230801,11230803,19,1
3P5B,HUMAN,L,Q59FQ1,ENST00000558013,629,F,24.6074545455,3.00545454545,11.241,11230804,11230806,19,1
3P5B,HUMAN,L,Q59FQ1,ENST00000558013,630,S,19.13,2.12166666667,11.94,11230807,11230809,19,1
3P5B,HUMAN,L,Q59FQ1,ENST00000558013,631,A,17.7552,3.801,15.3118,11230810,11230812,19,1
3P5B,HUMAN,L,Q59FQ1,ENST00000558013,632,N,14.440625,4.324875,18.349,11230813,11230815,19,1
3P5B,HUMAN,L,Q59FQ1,ENST00000558013,633,R,12.2307272727,9.26854545455,16.1346363636,11230816,11230818,19,1
3P5B,HUMAN,L,Q59FQ1,ENST00000558013,634,L,12.131625,7.838625,21.054125,11230819,11230821,19,1
3P5B,HUMAN,L,Q59FQ1,ENST00000558013,635,T,15.479,5.60285714286,23.679,11230822,11230824,19,1
3P5B,HUMAN,L,Q59FQ1,ENST00000558013,636,G,18.2625,4.37925,21.2835,11230825,11230827,19,1
3P5B,HUMAN,L,Q59FQ1,ENST00000558013,637,S,17.2821666667,1.03216666667,20.444,11230828,11230830,19,1
3P5B,HUMAN,L,Q59FQ1,ENST00000558013,638,D,17.20925,-1.75775,18.116375,11230831,11230833,19,1
3P5B,HUMAN,L,Q59FQ1,ENST00000558013,639,V,21.6418571429,-0.233714285714,15.9618571429,11230834,11230836,19,1
3P5B,HUMAN,L,Q59FQ1,ENST00000558013,640,N,19.996875,-1.97975,12.44975,11230837,11230839,19,1
3P5B,HUMAN,L,Q59FQ1,ENST00000558013,641,L,24.153125,-2.18125,8.85525,11230840,11230842,19,1
3P5B,HUMAN,L,Q59FQ1,ENST00000558013,642,L,21.076,-0.05475,6.088375,11230843,11230845,19,1
3P5B,HUMAN,L,Q59FQ1,ENST00000558013,643,A,25.1932,0.1172,4.2194,11230846,11230848,19,1
3P5B,HUMAN,L,Q59FQ1,ENST00000558013,644,E,28.0547777778,-2.21933333333,3.10488888889,11230849,11230851,19,1
3P5B,HUMAN,L,Q59FQ1,ENST00000558013,645,N,32.135375,-0.34925,1.838625,11230852,11230854,19,1
3P5B,HUMAN,L,Q59FQ1,ENST00000558013,646,L,29.671,4.0445,1.35175,11230855,11230857,19,1
3P5B,HUMAN,L,Q59FQ1,ENST00000558013,647,L,32.6895,6.651,-1.9245,11230858,11230860,19,1
3P5B,HUMAN,L,Q59FQ1,ENST00000558013,648,S,31.9165,9.88016666667,1.40466666667,11230861,11230863,19,1
3P5B,HUMAN,L,Q59FQ1,ENST00000558013,649,P,28.3992857143,9.41885714286,3.19928571429,11230864,11230866,19,1
3P5B,HUMAN,L,Q59FQ1,ENST00000558013,650,E,28.8326666667,14.514,2.47322222222,11230867,11230869,19,1
3P5B,HUMAN,L,Q59FQ1,ENST00000558013,651,D,23.303125,14.9545,2.2605,11230870,11230872,19,1
3P5B,HUMAN,L,Q59FQ1,ENST00000558013,652,M,20.520125,11.384375,4.099375,11230873,11230875,19,1
3P5B,HUMAN,L,Q59FQ1,ENST00000558013,653,V,17.0801428571,13.1414285714,1.84842857143,11230876,11230878,19,1
3P5B,HUMAN,L,Q59FQ1,ENST00000558013,654,L,12.925625,11.103875,3.766625,11230879,11230881,19,1
3P5B,HUMAN,L,Q59FQ1,ENST00000558013,655,F,10.8979090909,10.6796363636,-1.84063636364,11230882,11230884,19,1
3P5B,HUMAN,L,Q59FQ1,ENST00000558013,656,H,6.6631,9.8087,1.9791,11230885,11230887,19,1
3P5B,HUMAN,L,Q59FQ1,ENST00000558013,657,N,4.0955,13.84,0.703875,11230888,11230890,19,1
3P5B,HUMAN,L,Q59FQ1,ENST00000558013,658,L,4.3905,12.273375,5.62775,11230891,11230893,19,1
3P5B,HUMAN,L,Q59FQ1,ENST00000558013,659,T,8.24471428571,14.9582857143,4.39557142857,11230894,11230896,19,1
3P5B,HUMAN,L,Q59FQ1,ENST00000558013,660,Q,7.29422222222,17.3927777778,0.947777777778,11230897,11230899,19,1
3P5B,HUMAN,L,Q59FQ1,ENST00000558013,661,P,3.21228571429,18.9415714286,3.54185714286,11230900,11230902,19,1
3P5B,HUMAN,L,Q59FQ1,ENST00000558013,662,R,-0.332181818182,20.5900909091,-0.947818181818,11230903,11230905,19,1
3P5B,HUMAN,L,Q59FQ1,ENST00000558013,663,G,0.07325,24.346,0.79525,11230906,11230908,19,1
3P5B,HUMAN,L,Q59FQ1,ENST00000558013,664,V,-1.03471428571,28.1714285714,0.924857142857,11230909,11230909,19,1
3P5B,HUMAN,L,Q59FQ1,ENST00000558013,665,N,1.53675,29.829125,-3.0645,11231048,11231050,19,1
3P5B,HUMAN,L,Q59FQ1,ENST00000558013,666,W,0.252571428571,32.4057142857,1.59407142857,11231051,11231053,19,1
3P5B,HUMAN,L,Q59FQ1,ENST00000558013,667,C,2.80166666667,34.4456666667,-4.0295,11231054,11231056,19,1
3P5B,HUMAN,L,Q59FQ1,ENST00000558013,668,E,1.14077777778,32.6268888889,-7.43677777778,11231057,11231059,19,1
3P5B,HUMAN,L,Q59FQ1,ENST00000558013,669,R,-4.27881818182,33.7335454545,-2.74145454545,11231060,11231062,19,1
3P5B,HUMAN,L,Q59FQ1,ENST00000558013,670,T,-4.35042857143,35.5494285714,-6.45242857143,11231063,11231065,19,1
3P5B,HUMAN,L,Q59FQ1,ENST00000558013,671,T,-4.92357142857,36.5045714286,-10.5395714286,11231066,11231068,19,1
3P5B,HUMAN,L,Q59FQ1,ENST00000558013,672,L,-1.574,39.501375,-8.46025,11231069,11231071,19,1
3P5B,HUMAN,L,Q59FQ1,ENST00000558013,673,S,1.84266666667,37.7065,-10.507,11231072,11231074,19,1
3P5B,HUMAN,L,Q59FQ1,ENST00000558013,674,N,5.306125,37.674625,-7.628375,11231075,11231077,19,1
3P5B,HUMAN,L,Q59FQ1,ENST00000558013,675,G,2.2075,39.61775,-5.28675,11231078,11231080,19,1
3P5B,HUMAN,L,Q59FQ1,ENST00000558013,676,G,3.20525,42.54475,-6.552,11231081,11231083,19,1
3P5B,HUMAN,L,Q59FQ1,ENST00000558013,677,C,6.30533333333,41.7163333333,-6.222,11231084,11231086,19,1
3P5B,HUMAN,L,Q59FQ1,ENST00000558013,678,Q,9.45644444444,45.4121111111,-9.00333333333,11231087,11231089,19,1
3P5B,HUMAN,L,Q59FQ1,ENST00000558013,679,Y,13.5540833333,40.6106666667,-7.69158333333,11231090,11231092,19,1
3P5B,HUMAN,L,Q59FQ1,ENST00000558013,680,L,11.84525,38.14975,-4.829,11231093,11231095,19,1
3P5B,HUMAN,L,Q59FQ1,ENST00000558013,681,C,7.789,36.5663333333,-3.24833333333,11231096,11231098,19,1
3P5B,HUMAN,L,Q59FQ1,ENST00000558013,682,L,10.14525,35.77775,0.177875,11231099,11231101,19,1
3P5B,HUMAN,L,Q59FQ1,ENST00000558013,683,P,7.52385714286,33.6374285714,2.63185714286,11231102,11231104,19,1
3P5B,HUMAN,L,Q59FQ1,ENST00000558013,684,A,6.415,35.7732,6.2332,11231105,11231107,19,1
3P5B,HUMAN,L,Q59FQ1,ENST00000558013,685,P,7.50657142857,35.2077142857,9.48357142857,11231108,11231110,19,1
3P5B,HUMAN,L,Q59FQ1,ENST00000558013,686,Q,3.58055555556,33.6267777778,10.7841111111,11231111,11231113,19,1
3P5B,HUMAN,L,Q59FQ1,ENST00000558013,687,I,5.490875,35.802625,15.43225,11231114,11231116,19,1
3P5B,HUMAN,L,Q59FQ1,ENST00000558013,688,N,1.974625,38.157625,15.106875,11231117,11231119,19,1
3P5B,HUMAN,L,Q59FQ1,ENST00000558013,689,P,-2.02557142857,37.1262857143,14.7182857143,11231120,11231122,19,1
3P5B,HUMAN,L,Q59FQ1,ENST00000558013,690,H,-2.1852,41.1404,13.5429,11231123,11231125,19,1
3P5B,HUMAN,L,Q59FQ1,ENST00000558013,691,S,1.80083333333,38.5313333333,10.6996666667,11231126,11231128,19,1
3P5B,HUMAN,L,Q59FQ1,ENST00000558013,692,P,2.53471428571,39.578,7.24742857143,11231129,11231131,19,1
3P5B,HUMAN,L,Q59FQ1,ENST00000558013,693,K,0.826777777778,35.3592222222,5.15222222222,11231132,11231134,19,1
3P5B,HUMAN,L,Q59FQ1,ENST00000558013,694,F,3.00845454545,38.3521818182,0.709818181818,11231135,11231137,19,1
3P5B,HUMAN,L,Q59FQ1,ENST00000558013,695,T,7.59971428571,40.1208571429,2.01257142857,11231138,11231140,19,1
3P5B,HUMAN,L,Q59FQ1,ENST00000558013,696,C,8.5755,42.6593333333,-1.06266666667,11231141,11231143,19,1
3P5B,HUMAN,L,Q59FQ1,ENST00000558013,697,A,12.3606,41.7304,-2.277,11231144,11231146,19,1
3P5B,HUMAN,L,Q59FQ1,ENST00000558013,698,C,15.3735,43.7506666667,-2.97216666667,11231147,11231149,19,1
3P5B,HUMAN,L,Q59FQ1,ENST00000558013,699,P,18.0757142857,43.2131428571,-5.38814285714,11231150,11231152,19,1
3P5B,HUMAN,L,Q59FQ1,ENST00000558013,700,D,22.159625,42.01875,-3.433875,11231153,11231155,19,1
3P5B,HUMAN,L,Q59FQ1,ENST00000558013,701,G,21.92025,46.94475,-2.86875,11231156,11231158,19,1
3P5B,HUMAN,L,Q59FQ1,ENST00000558013,702,M,18.450125,47.570125,-4.26775,11231159,11231161,19,1
3P5B,HUMAN,L,Q59FQ1,ENST00000558013,703,L,16.879625,49.875125,-0.272875,11231162,11231164,19,1
3P5B,HUMAN,L,Q59FQ1,ENST00000558013,704,L,11.624625,48.512625,-0.42775,11231165,11231167,19,1
3P5B,HUMAN,L,Q59FQ1,ENST00000558013,705,A,10.0478,51.6876,-1.5742,11231168,11231170,19,1
3P5B,HUMAN,L,Q59FQ1,ENST00000558013,706,R,7.78136363636,55.8054545455,0.977727272727,11231171,11231173,19,1
3P5B,HUMAN,L,Q59FQ1,ENST00000558013,707,D,5.3745,51.343375,-2.931125,11231174,11231176,19,1
3P5B,HUMAN,L,Q59FQ1,ENST00000558013,708,M,5.678,48.159,0.6005,11231177,11231179,19,1
3P5B,HUMAN,L,Q59FQ1,ENST00000558013,709,R,4.41627272727,47.6942727273,-4.25754545455,11231180,11231182,19,1
3P5B,HUMAN,L,Q59FQ1,ENST00000558013,710,S,9.22166666667,49.5018333333,-5.80633333333,11231183,11231185,19,1
3P5B,HUMAN,L,Q59FQ1,ENST00000558013,711,C,13.1078333333,48.8155,-6.328,11231186,11231188,19,1
3P5B,HUMAN,L,Q59FQ1,ENST00000558013,712,L,14.79225,52.635125,-4.921125,11231189,11231191,19,1
3P5B,HUMAN,L,Q59FQ1,ENST00000558013,713,T,19.6508571429,53.1144285714,-5.45514285714,11231192,11231194,19,1
3P5B,HUMAN,L,Q59FQ1,ENST00000558013,714,E,19.8618888889,57.0794444444,-3.21188888889,11231195,11231197,19,1
3P5B,HUMAN,L,Q59FQ1,ENST00000558013,715,A,16.7798,58.6006,-1.2336,11231198,11231198,19,1
3P5B,HUMAN,P,Q8NBP7,ENST00000302118,61,T,56.222,4.35685714286,-28.554,55505688,55505690,1,1
3P5B,HUMAN,P,Q8NBP7,ENST00000302118,62,A,52.8716,4.5928,-26.502,55505691,55505693,1,1
3P5B,HUMAN,P,Q8NBP7,ENST00000302118,63,T,49.6735714286,3.19728571429,-28.2091428571,55505694,55505696,1,1
3P5B,HUMAN,P,Q8NBP7,ENST00000302118,64,F,44.1869090909,4.145,-25.8293636364,55505697,55505699,1,1
3P5B,HUMAN,P,Q8NBP7,ENST00000302118,65,H,44.56,0.8067,-28.9608,55505700,55505702,1,1
3P5B,HUMAN,P,Q8NBP7,ENST00000302118,66,R,38.7481818182,3.32072727273,-28.6931818182,55505703,55505705,1,1
3P5B,HUMAN,P,Q8NBP7,ENST00000302118,67,C,36.0253333333,-0.381833333333,-29.2363333333,55505706,55505708,1,1
3P5B,HUMAN,P,Q8NBP7,ENST00000302118,68,A,34.7874,0.9212,-32.485,55505709,55505711,1,1
3P5B,HUMAN,P,Q8NBP7,ENST00000302118,69,K,31.6605555556,-0.735222222222,-32.5203333333,55505712,55505714,1,1
3P5B,HUMAN,P,Q8NBP7,ENST00000302118,70,D,30.131625,3.38725,-27.982125,55505715,55505717,1,1
3P5B,HUMAN,P,Q8NBP7,ENST00000302118,71,P,27.707,0.131571428571,-27.7282857143,55509516,55509518,1,1
3P5B,HUMAN,P,Q8NBP7,ENST00000302118,72,W,29.682,-3.95364285714,-29.0344285714,55509519,55509521,1,1
3P5B,HUMAN,P,Q8NBP7,ENST00000302118,73,R,34.1266363636,2.43254545455,-25.2800909091,55509522,55509524,1,1
3P5B,HUMAN,P,Q8NBP7,ENST00000302118,74,L,33.36275,-1.618875,-21.2215,55509525,55509527,1,1
3P5B,HUMAN,P,Q8NBP7,ENST00000302118,75,P,34.3461428571,2.25242857143,-19.4727142857,55509528,55509530,1,1
3P5B,HUMAN,P,Q8NBP7,ENST00000302118,76,G,37.57525,1.23825,-16.37,55509531,55509533,1,1
3P5B,HUMAN,P,Q8NBP7,ENST00000302118,77,T,38.2555714286,-2.10571428571,-17.5068571429,55509534,55509536,1,1
3P5B,HUMAN,P,Q8NBP7,ENST00000302118,78,Y,41.2893333333,0.781,-18.842,55509537,55509539,1,1
3P5B,HUMAN,P,Q8NBP7,ENST00000302118,79,V,44.4418571429,-4.28285714286,-20.8512857143,55509540,55509542,1,1
3P5B,HUMAN,P,Q8NBP7,ENST00000302118,80,V,48.4932857143,-3.03457142857,-19.3455714286,55509543,55509545,1,1
3P5B,HUMAN,P,Q8NBP7,ENST00000302118,81,V,50.4062857143,-4.74014285714,-22.9924285714,55509546,55509548,1,1
3P5B,HUMAN,P,Q8NBP7,ENST00000302118,82,L,54.26825,-5.15275,-20.895,55509549,55509551,1,1
3P5B,HUMAN,P,Q8NBP7,ENST00000302118,83,K,58.074,-4.11455555556,-24.4892222222,55509552,55509554,1,1
3P5B,HUMAN,P,Q8NBP7,ENST00000302118,84,E,58.1117777778,-10.2643333333,-26.5666666667,55509555,55509557,1,1
3P5B,HUMAN,P,Q8NBP7,ENST00000302118,85,E,62.5046666667,-9.15711111111,-24.1992222222,55509558,55509560,1,1
3P5B,HUMAN,P,Q8NBP7,ENST00000302118,86,T,58.9948571429,-8.58114285714,-19.7784285714,55509561,55509563,1,1
3P5B,HUMAN,P,Q8NBP7,ENST00000302118,87,H,61.3425,-11.3781,-16.8657,55509564,55509566,1,1
3P5B,HUMAN,P,Q8NBP7,ENST00000302118,88,L,56.317375,-12.178125,-13.413375,55509567,55509569,1,1
3P5B,HUMAN,P,Q8NBP7,ENST00000302118,89,S,59.4766666667,-9.7515,-11.5613333333,55509570,55509572,1,1
3P5B,HUMAN,P,Q8NBP7,ENST00000302118,90,Q,60.4754444444,-6.67177777778,-14.9296666667,55509573,55509575,1,1
3P5B,HUMAN,P,Q8NBP7,ENST00000302118,91,S,55.3115,-7.22266666667,-14.4493333333,55509576,55509578,1,1
3P5B,HUMAN,P,Q8NBP7,ENST00000302118,92,E,54.3128888889,-8.18933333333,-9.89055555556,55509579,55509581,1,1
3P5B,HUMAN,P,Q8NBP7,ENST00000302118,93,R,58.9953636364,-4.71536363636,-9.25509090909,55509582,55509584,1,1
3P5B,HUMAN,P,Q8NBP7,ENST00000302118,94,T,54.8595714286,-1.787,-13.3821428571,55509585,55509587,1,1
3P5B,HUMAN,P,Q8NBP7,ENST00000302118,95,A,51.4906,-2.605,-11.0516,55509588,55509590,1,1
3P5B,HUMAN,P,Q8NBP7,ENST00000302118,96,R,54.3808181818,-2.51890909091,-6.69009090909,55509591,55509593,1,1
3P5B,HUMAN,P,Q8NBP7,ENST00000302118,97,R,56.2003636364,2.71309090909,-10.3915454545,55509594,55509596,1,1
3P5B,HUMAN,P,Q8NBP7,ENST00000302118,98,L,49.678625,2.246875,-11.68925,55509597,55509599,1,1
3P5B,HUMAN,P,Q8NBP7,ENST00000302118,99,Q,48.4577777778,0.609777777778,-7.121,55509600,55509602,1,1
3P5B,HUMAN,P,Q8NBP7,ENST00000302118,100,A,51.6098,4.6298,-6.206,55509603,55509605,1,1
3P5B,HUMAN,P,Q8NBP7,ENST00000302118,101,Q,52.398,6.87333333333,-9.95422222222,55509606,55509608,1,1
3P5B,HUMAN,P,Q8NBP7,ENST00000302118,102,A,47.422,7.0764,-8.208,55509609,55509611,1,1
3P5B,HUMAN,P,Q8NBP7,ENST00000302118,103,A,47.6208,7.585,-4.653,55509612,55509614,1,1
3P5B,HUMAN,P,Q8NBP7,ENST00000302118,104,R,51.7311818182,10.2509090909,-5.42945454545,55509615,55509617,1,1
3P5B,HUMAN,P,Q8NBP7,ENST00000302118,105,R,48.4919090909,11.7581818182,-9.37781818182,55509618,55509620,1,1
3P5B,HUMAN,P,Q8NBP7,ENST00000302118,106,G,43.57275,10.3785,-5.94175,55509621,55509623,1,1
3P5B,HUMAN,P,Q8NBP7,ENST00000302118,107,Y,42.6730833333,9.24808333333,-9.22758333333,55509624,55509626,1,1
3P5B,HUMAN,P,Q8NBP7,ENST00000302118,108,L,40.398,4.297125,-6.264625,55509627,55509629,1,1
3P5B,HUMAN,P,Q8NBP7,ENST00000302118,109,T,43.926,1.53271428571,-8.11257142857,55509630,55509632,1,1
3P5B,HUMAN,P,Q8NBP7,ENST00000302118,110,K,41.208,-3.65277777778,-8.19811111111,55509633,55509635,1,1
3P5B,HUMAN,P,Q8NBP7,ENST00000302118,111,I,45.659375,-5.091625,-9.745125,55509636,55509638,1,1
3P5B,HUMAN,P,Q8NBP7,ENST00000302118,112,L,41.603875,-7.47475,-11.45825,55509639,55509641,1,1
3P5B,HUMAN,P,Q8NBP7,ENST00000302118,113,H,45.1891,-11.3904,-13.933,55509642,55509644,1,1
3P5B,HUMAN,P,Q8NBP7,ENST00000302118,114,V,49.1285714286,-10.728,-13.097,55509645,55509647,1,1
3P5B,HUMAN,P,Q8NBP7,ENST00000302118,115,F,47.9820909091,-11.3372727273,-17.7768181818,55509648,55509650,1,1
3P5B,HUMAN,P,Q8NBP7,ENST00000302118,116,H,51.6568,-15.6911,-15.7166,55509651,55509653,1,1
3P5B,HUMAN,P,Q8NBP7,ENST00000302118,117,G,52.856,-16.792,-20.75075,55509654,55509656,1,1
3P5B,HUMAN,P,Q8NBP7,ENST00000302118,118,L,50.19875,-15.975625,-23.556,55509657,55509659,1,1
3P5B,HUMAN,P,Q8NBP7,ENST00000302118,119,L,50.40975,-11.629875,-23.1305,55509660,55509662,1,1
3P5B,HUMAN,P,Q8NBP7,ENST00000302118,120,P,53.6665714286,-9.53285714286,-21.3034285714,55509663,55509665,1,1
3P5B,HUMAN,P,Q8NBP7,ENST00000302118,121,G,51.05125,-8.0985,-17.911,55509666,55509668,1,1
3P5B,HUMAN,P,Q8NBP7,ENST00000302118,122,F,49.0259090909,-4.89190909091,-15.6362727273,55509669,55509671,1,1
3P5B,HUMAN,P,Q8NBP7,ENST00000302118,123,L,43.581625,-6.451375,-15.552125,55509672,55509674,1,1
3P5B,HUMAN,P,Q8NBP7,ENST00000302118,124,V,43.8312857143,-2.14728571429,-14.217,55509675,55509677,1,1
3P5B,HUMAN,P,Q8NBP7,ENST00000302118,125,K,38.7331111111,-1.15811111111,-11.9175555556,55509678,55509680,1,1
3P5B,HUMAN,P,Q8NBP7,ENST00000302118,126,M,41.9705,2.98725,-14.07225,55509681,55509683,1,1
3P5B,HUMAN,P,Q8NBP7,ENST00000302118,127,S,40.1283333333,6.53,-14.0145,55509684,55509686,1,1
3P5B,HUMAN,P,Q8NBP7,ENST00000302118,128,G,40.76225,7.832,-17.3855,55509687,55509689,1,1
3P5B,HUMAN,P,Q8NBP7,ENST00000302118,129,D,41.654375,10.727625,-15.5865,55509690,55509692,1,1
3P5B,HUMAN,P,Q8NBP7,ENST00000302118,130,L,45.31425,7.641875,-14.496875,55509693,55509695,1,1
3P5B,HUMAN,P,Q8NBP7,ENST00000302118,131,L,44.941125,6.644125,-19.736,55509696,55509698,1,1
3P5B,HUMAN,P,Q8NBP7,ENST00000302118,132,E,47.6404444444,11.309,-19.9526666667,55509699,55509701,1,1
3P5B,HUMAN,P,Q8NBP7,ENST00000302118,133,L,50.493,8.454375,-15.645875,55509702,55509704,1,1
3P5B,HUMAN,P,Q8NBP7,ENST00000302118,134,A,50.119,4.7952,-17.9394,55509705,55509707,1,1
3P5B,HUMAN,P,Q8NBP7,ENST00000302118,135,L,50.953875,5.5895,-21.881375,55512196,55512198,1,1
3P5B,HUMAN,P,Q8NBP7,ENST00000302118,136,K,54.1827777778,8.85222222222,-19.057,55512199,55512201,1,1
3P5B,HUMAN,P,Q8NBP7,ENST00000302118,137,L,54.519375,3.538875,-16.827,55512202,55512204,1,1
3P5B,HUMAN,P,Q8NBP7,ENST00000302118,138,P,58.1025714286,1.728,-17.3992857143,55512205,55512207,1,1
3P5B,HUMAN,P,Q8NBP7,ENST00000302118,139,H,59.0407,-2.2603,-19.0715,55512208,55512210,1,1
3P5B,HUMAN,P,Q8NBP7,ENST00000302118,140,V,54.1988571429,0.105,-21.2262857143,55512211,55512213,1,1
3P5B,HUMAN,P,Q8NBP7,ENST00000302118,141,D,53.89625,-1.52475,-26.008375,55512214,55512216,1,1
3P5B,HUMAN,P,Q8NBP7,ENST00000302118,142,Y,49.5400833333,-2.70708333333,-26.3899166667,55512217,55512219,1,1
3P5B,HUMAN,P,Q8NBP7,ENST00000302118,143,I,47.14425,0.751,-22.744,55512220,55512222,1,1
3P5B,HUMAN,P,Q8NBP7,ENST00000302118,144,E,43.1667777778,-2.76477777778,-25.4327777778,55512223,55512225,1,1
3P5B,HUMAN,P,Q8NBP7,ENST00000302118,145,E,39.1564444444,0.355888888889,-23.272,55512226,55512228,1,1
3P5B,HUMAN,P,Q8NBP7,ENST00000302118,146,D,37.693125,-4.30925,-21.63025,55512229,55512231,1,1
3P5B,HUMAN,P,Q8NBP7,ENST00000302118,147,S,35.5923333333,-5.001,-24.7643333333,55512232,55512234,1,1
3P5B,HUMAN,P,Q8NBP7,ENST00000302118,148,S,32.1131666667,-6.54483333333,-25.0118333333,55512235,55512237,1,1
3P5B,HUMAN,P,Q8NBP7,ENST00000302118,149,V,32.4658571429,-10.5007142857,-26.1072857143,55512238,55512240,1,1
3P5B,HUMAN,P,Q8NBP7,ENST00000302118,150,F,28.5030909091,-10.1341818182,-27.4771818182,55512241,55512243,1,1
3P5B,HUMAN,P,Q8NBP7,ENST00000302118,151,A,27.3886,-15.0512,-28.7728,55512244,55512246,1,1
3P5B,HUMAN,P,Q8NBP7,ENST00000302118,152,Q,27.4959,-15.468,-32.6004,55512247,55512249,1,1
