pdbid,chain,transcript,seqres,aa1,aa1
3P5B,L,ENST00000558013,295,N,V
3P5B,L,ENST00000558013,296,E,C
3P5B,L,ENST00000558013,297,C,N
3P5B,L,ENST00000558013,298,L,M
3P5B,L,ENST00000558013,299,D,A
3P5B,L,ENST00000558013,300,N,R
3P5B,L,ENST00000558013,301,N,D
3P5B,L,ENST00000558013,302,G,C
3P5B,L,ENST00000558013,303,G,R
3P5B,L,ENST00000558013,304,C,D
3P5B,L,ENST00000558013,305,S,W
3P5B,L,ENST00000558013,306,H,S
3P5B,L,ENST00000558013,307,V,D
3P5B,L,ENST00000558013,308,C,E
3P5B,L,ENST00000558013,309,N,P
3P5B,L,ENST00000558013,310,D,I
3P5B,L,ENST00000558013,311,L,K
3P5B,L,ENST00000558013,312,K,E
3P5B,L,ENST00000558013,313,I,C
3P5B,L,ENST00000558013,314,G,G
3P5B,L,ENST00000558013,315,Y,T
3P5B,L,ENST00000558013,316,E,N
3P5B,L,ENST00000558013,317,C,E
3P5B,L,ENST00000558013,318,L,C
3P5B,L,ENST00000558013,319,C,L
3P5B,L,ENST00000558013,320,P,D
3P5B,L,ENST00000558013,321,D,N
3P5B,L,ENST00000558013,322,G,N
3P5B,L,ENST00000558013,323,F,G
3P5B,L,ENST00000558013,324,Q,G
3P5B,L,ENST00000558013,325,L,C
3P5B,L,ENST00000558013,326,V,S
3P5B,L,ENST00000558013,327,A,H
3P5B,L,ENST00000558013,328,Q,V
3P5B,L,ENST00000558013,329,R,C
3P5B,L,ENST00000558013,330,R,N
3P5B,L,ENST00000558013,331,C,D
3P5B,L,ENST00000558013,332,E,L
3P5B,L,ENST00000558013,333,D,K
3P5B,L,ENST00000558013,334,I,I
3P5B,L,ENST00000558013,335,D,G
3P5B,L,ENST00000558013,336,E,Y
3P5B,L,ENST00000558013,337,C,E
3P5B,L,ENST00000558013,338,Q,C
3P5B,L,ENST00000558013,339,D,L
3P5B,L,ENST00000558013,340,P,C
3P5B,L,ENST00000558013,341,D,P
3P5B,L,ENST00000558013,342,T,D
3P5B,L,ENST00000558013,343,C,G
3P5B,L,ENST00000558013,344,S,F
3P5B,L,ENST00000558013,345,Q,Q
3P5B,L,ENST00000558013,346,L,L
3P5B,L,ENST00000558013,347,C,V
3P5B,L,ENST00000558013,348,V,A
3P5B,L,ENST00000558013,349,N,Q
3P5B,L,ENST00000558013,350,L,R
3P5B,L,ENST00000558013,351,E,R
3P5B,L,ENST00000558013,352,G,C
3P5B,L,ENST00000558013,353,G,E
3P5B,L,ENST00000558013,354,Y,D
3P5B,L,ENST00000558013,355,K,I
3P5B,L,ENST00000558013,356,C,D
3P5B,L,ENST00000558013,357,Q,E
3P5B,L,ENST00000558013,358,C,C
3P5B,L,ENST00000558013,359,E,Q
3P5B,L,ENST00000558013,360,E,D
3P5B,L,ENST00000558013,361,G,P
3P5B,L,ENST00000558013,362,F,D
3P5B,L,ENST00000558013,363,Q,T
3P5B,L,ENST00000558013,364,L,C
3P5B,L,ENST00000558013,365,D,S
3P5B,L,ENST00000558013,366,P,Q
3P5B,L,ENST00000558013,367,H,L
3P5B,L,ENST00000558013,368,T,C
3P5B,L,ENST00000558013,369,K,V
3P5B,L,ENST00000558013,370,A,N
3P5B,L,ENST00000558013,371,C,L
3P5B,L,ENST00000558013,372,K,E
3P5B,L,ENST00000558013,373,A,G
3P5B,L,ENST00000558013,374,V,G
3P5B,L,ENST00000558013,375,G,Y
3P5B,L,ENST00000558013,376,S,K
3P5B,L,ENST00000558013,377,I,C
3P5B,L,ENST00000558013,378,A,Q
3P5B,L,ENST00000558013,379,Y,C
3P5B,L,ENST00000558013,380,L,E
3P5B,L,ENST00000558013,381,F,E
3P5B,L,ENST00000558013,382,F,G
3P5B,L,ENST00000558013,383,T,F
3P5B,L,ENST00000558013,384,N,Q
3P5B,L,ENST00000558013,385,R,L
3P5B,L,ENST00000558013,386,H,D
3P5B,L,ENST00000558013,387,E,P
3P5B,L,ENST00000558013,388,V,H
3P5B,L,ENST00000558013,389,R,T
3P5B,L,ENST00000558013,390,K,K
3P5B,L,ENST00000558013,391,M,A
3P5B,L,ENST00000558013,392,T,C
3P5B,L,ENST00000558013,393,L,K
3P5B,L,ENST00000558013,394,D,A
3P5B,L,ENST00000558013,395,R,V
3P5B,L,ENST00000558013,396,S,G
3P5B,L,ENST00000558013,397,E,S
3P5B,L,ENST00000558013,398,Y,I
3P5B,L,ENST00000558013,399,T,A
3P5B,L,ENST00000558013,400,S,Y
3P5B,L,ENST00000558013,401,L,L
3P5B,L,ENST00000558013,402,I,F
3P5B,L,ENST00000558013,403,P,F
3P5B,L,ENST00000558013,404,N,T
3P5B,L,ENST00000558013,405,L,N
3P5B,L,ENST00000558013,406,R,R
3P5B,L,ENST00000558013,407,N,H
3P5B,L,ENST00000558013,408,V,E
3P5B,L,ENST00000558013,409,V,V
3P5B,L,ENST00000558013,410,A,R
3P5B,L,ENST00000558013,411,L,K
3P5B,L,ENST00000558013,412,D,M
3P5B,L,ENST00000558013,413,T,T
3P5B,L,ENST00000558013,414,E,L
3P5B,L,ENST00000558013,415,V,D
3P5B,L,ENST00000558013,416,A,R
3P5B,L,ENST00000558013,417,S,S
3P5B,L,ENST00000558013,418,N,E
3P5B,L,ENST00000558013,419,R,Y
3P5B,L,ENST00000558013,420,I,T
3P5B,L,ENST00000558013,421,Y,S
3P5B,L,ENST00000558013,422,W,L
3P5B,L,ENST00000558013,423,S,I
3P5B,L,ENST00000558013,424,D,P
3P5B,L,ENST00000558013,425,L,N
3P5B,L,ENST00000558013,426,S,L
3P5B,L,ENST00000558013,427,Q,R
3P5B,L,ENST00000558013,428,R,N
3P5B,L,ENST00000558013,429,M,V
3P5B,L,ENST00000558013,430,I,V
3P5B,L,ENST00000558013,431,C,A
3P5B,L,ENST00000558013,432,S,L
3P5B,L,ENST00000558013,433,T,D
3P5B,L,ENST00000558013,434,Q,T
3P5B,L,ENST00000558013,435,L,E
3P5B,L,ENST00000558013,442,S,Y
3P5B,L,ENST00000558013,443,S,W
3P5B,L,ENST00000558013,444,Y,S
3P5B,L,ENST00000558013,445,D,D
3P5B,L,ENST00000558013,446,T,L
3P5B,L,ENST00000558013,447,V,S
3P5B,L,ENST00000558013,448,I,Q
3P5B,L,ENST00000558013,449,S,R
3P5B,L,ENST00000558013,450,R,M
3P5B,L,ENST00000558013,451,D,I
3P5B,L,ENST00000558013,452,I,C
3P5B,L,ENST00000558013,453,Q,S
3P5B,L,ENST00000558013,454,A,T
3P5B,L,ENST00000558013,455,P,Q
3P5B,L,ENST00000558013,456,D,L
3P5B,L,ENST00000558013,457,G,D
3P5B,L,ENST00000558013,458,L,R
3P5B,L,ENST00000558013,459,A,A
3P5B,L,ENST00000558013,460,V,H
3P5B,L,ENST00000558013,461,D,G
3P5B,L,ENST00000558013,462,W,V
3P5B,L,ENST00000558013,463,I,S
3P5B,L,ENST00000558013,464,H,S
3P5B,L,ENST00000558013,465,S,Y
3P5B,L,ENST00000558013,466,N,D
3P5B,L,ENST00000558013,467,I,T
3P5B,L,ENST00000558013,468,Y,V
3P5B,L,ENST00000558013,469,W,I
3P5B,L,ENST00000558013,470,T,S
3P5B,L,ENST00000558013,471,D,R
3P5B,L,ENST00000558013,472,S,D
3P5B,L,ENST00000558013,473,V,I
3P5B,L,ENST00000558013,474,L,Q
3P5B,L,ENST00000558013,475,G,A
3P5B,L,ENST00000558013,476,T,P
3P5B,L,ENST00000558013,477,V,D
3P5B,L,ENST00000558013,478,S,G
3P5B,L,ENST00000558013,479,V,L
3P5B,L,ENST00000558013,480,A,A
3P5B,L,ENST00000558013,481,D,V
3P5B,L,ENST00000558013,482,T,D
3P5B,L,ENST00000558013,483,K,W
3P5B,L,ENST00000558013,484,G,I
3P5B,L,ENST00000558013,485,V,H
3P5B,L,ENST00000558013,486,K,S
3P5B,L,ENST00000558013,487,R,N
3P5B,L,ENST00000558013,488,K,I
3P5B,L,ENST00000558013,489,T,Y
3P5B,L,ENST00000558013,490,L,W
3P5B,L,ENST00000558013,491,F,T
3P5B,L,ENST00000558013,492,R,D
3P5B,L,ENST00000558013,493,E,S
3P5B,L,ENST00000558013,494,N,V
3P5B,L,ENST00000558013,495,G,L
3P5B,L,ENST00000558013,496,S,G
3P5B,L,ENST00000558013,497,K,T
3P5B,L,ENST00000558013,498,P,V
3P5B,L,ENST00000558013,499,R,S
3P5B,L,ENST00000558013,500,A,V
3P5B,L,ENST00000558013,501,I,A
3P5B,L,ENST00000558013,502,V,D
3P5B,L,ENST00000558013,503,V,T
3P5B,L,ENST00000558013,504,D,K
3P5B,L,ENST00000558013,505,P,G
3P5B,L,ENST00000558013,506,V,V
3P5B,L,ENST00000558013,507,H,K
3P5B,L,ENST00000558013,508,G,R
3P5B,L,ENST00000558013,509,F,K
3P5B,L,ENST00000558013,510,M,T
3P5B,L,ENST00000558013,511,Y,L
3P5B,L,ENST00000558013,512,W,F
3P5B,L,ENST00000558013,513,T,R
3P5B,L,ENST00000558013,514,D,E
3P5B,L,ENST00000558013,515,W,N
3P5B,L,ENST00000558013,516,G,G
3P5B,L,ENST00000558013,517,T,S
3P5B,L,ENST00000558013,518,P,K
3P5B,L,ENST00000558013,519,A,P
3P5B,L,ENST00000558013,520,K,R
3P5B,L,ENST00000558013,521,I,A
3P5B,L,ENST00000558013,522,K,I
3P5B,L,ENST00000558013,523,K,V
3P5B,L,ENST00000558013,524,G,V
3P5B,L,ENST00000558013,525,G,D
3P5B,L,ENST00000558013,526,L,P
3P5B,L,ENST00000558013,527,N,V
3P5B,L,ENST00000558013,528,G,H
3P5B,L,ENST00000558013,529,V,G
3P5B,L,ENST00000558013,530,D,F
3P5B,L,ENST00000558013,531,I,M
3P5B,L,ENST00000558013,532,Y,Y
3P5B,L,ENST00000558013,533,S,W
3P5B,L,ENST00000558013,534,L,T
3P5B,L,ENST00000558013,535,V,D
3P5B,L,ENST00000558013,536,T,W
3P5B,L,ENST00000558013,537,E,G
3P5B,L,ENST00000558013,538,N,T
3P5B,L,ENST00000558013,539,I,P
3P5B,L,ENST00000558013,540,Q,A
3P5B,L,ENST00000558013,541,W,K
3P5B,L,ENST00000558013,542,P,I
3P5B,L,ENST00000558013,543,N,K
3P5B,L,ENST00000558013,544,G,K
3P5B,L,ENST00000558013,545,I,G
3P5B,L,ENST00000558013,546,T,G
3P5B,L,ENST00000558013,547,L,L
3P5B,L,ENST00000558013,548,D,N
3P5B,L,ENST00000558013,549,L,G
3P5B,L,ENST00000558013,550,L,V
3P5B,L,ENST00000558013,551,S,D
3P5B,L,ENST00000558013,552,G,I
3P5B,L,ENST00000558013,553,R,Y
3P5B,L,ENST00000558013,554,L,S
3P5B,L,ENST00000558013,555,Y,L
3P5B,L,ENST00000558013,556,W,V
3P5B,L,ENST00000558013,557,V,T
3P5B,L,ENST00000558013,558,D,E
3P5B,L,ENST00000558013,559,S,N
3P5B,L,ENST00000558013,560,K,I
3P5B,L,ENST00000558013,561,L,Q
3P5B,L,ENST00000558013,562,H,W
3P5B,L,ENST00000558013,563,S,P
3P5B,L,ENST00000558013,564,I,N
3P5B,L,ENST00000558013,565,S,G
3P5B,L,ENST00000558013,566,S,I
3P5B,L,ENST00000558013,567,I,T
3P5B,L,ENST00000558013,568,D,L
3P5B,L,ENST00000558013,569,V,D
3P5B,L,ENST00000558013,570,N,L
3P5B,L,ENST00000558013,571,G,L
3P5B,L,ENST00000558013,572,G,S
3P5B,L,ENST00000558013,573,N,G
3P5B,L,ENST00000558013,574,R,R
3P5B,L,ENST00000558013,575,K,L
3P5B,L,ENST00000558013,576,T,Y
3P5B,L,ENST00000558013,577,I,W
3P5B,L,ENST00000558013,578,L,V
3P5B,L,ENST00000558013,579,E,D
3P5B,L,ENST00000558013,580,D,S
3P5B,L,ENST00000558013,581,E,K
3P5B,L,ENST00000558013,582,K,L
3P5B,L,ENST00000558013,583,R,H
3P5B,L,ENST00000558013,584,L,S
3P5B,L,ENST00000558013,585,A,I
3P5B,L,ENST00000558013,586,H,S
3P5B,L,ENST00000558013,587,P,S
3P5B,L,ENST00000558013,588,F,I
3P5B,L,ENST00000558013,589,S,D
3P5B,L,ENST00000558013,590,L,V
3P5B,L,ENST00000558013,591,A,N
3P5B,L,ENST00000558013,592,V,G
3P5B,L,ENST00000558013,593,F,G
3P5B,L,ENST00000558013,594,E,N
3P5B,L,ENST00000558013,595,D,R
3P5B,L,ENST00000558013,596,K,K
3P5B,L,ENST00000558013,597,V,T
3P5B,L,ENST00000558013,598,F,I
3P5B,L,ENST00000558013,599,W,L
3P5B,L,ENST00000558013,600,T,E
3P5B,L,ENST00000558013,601,D,D
3P5B,L,ENST00000558013,602,I,E
3P5B,L,ENST00000558013,603,I,K
3P5B,L,ENST00000558013,604,N,R
3P5B,L,ENST00000558013,605,E,L
3P5B,L,ENST00000558013,606,A,A
3P5B,L,ENST00000558013,607,I,H
3P5B,L,ENST00000558013,608,F,P
3P5B,L,ENST00000558013,609,S,F
3P5B,L,ENST00000558013,610,A,S
3P5B,L,ENST00000558013,611,N,L
3P5B,L,ENST00000558013,612,R,A
3P5B,L,ENST00000558013,613,L,V
3P5B,L,ENST00000558013,614,T,F
3P5B,L,ENST00000558013,615,G,E
3P5B,L,ENST00000558013,616,S,D
3P5B,L,ENST00000558013,617,D,K
3P5B,L,ENST00000558013,618,V,V
3P5B,L,ENST00000558013,619,N,F
3P5B,L,ENST00000558013,620,L,W
3P5B,L,ENST00000558013,621,L,T
3P5B,L,ENST00000558013,622,A,D
3P5B,L,ENST00000558013,623,E,I
3P5B,L,ENST00000558013,624,N,I
3P5B,L,ENST00000558013,625,L,N
3P5B,L,ENST00000558013,626,L,E
3P5B,L,ENST00000558013,627,S,A
3P5B,L,ENST00000558013,628,P,I
3P5B,L,ENST00000558013,629,E,F
3P5B,L,ENST00000558013,630,D,S
3P5B,L,ENST00000558013,631,M,A
3P5B,L,ENST00000558013,632,V,N
3P5B,L,ENST00000558013,633,L,R
3P5B,L,ENST00000558013,634,F,L
3P5B,L,ENST00000558013,635,H,T
3P5B,L,ENST00000558013,636,N,G
3P5B,L,ENST00000558013,637,L,S
3P5B,L,ENST00000558013,638,T,D
3P5B,L,ENST00000558013,639,Q,V
3P5B,L,ENST00000558013,640,P,N
3P5B,L,ENST00000558013,641,R,L
3P5B,L,ENST00000558013,642,G,L
3P5B,L,ENST00000558013,643,V,A
3P5B,L,ENST00000558013,644,N,E
3P5B,L,ENST00000558013,645,W,N
3P5B,L,ENST00000558013,646,C,L
3P5B,L,ENST00000558013,647,E,L
3P5B,L,ENST00000558013,648,R,S
3P5B,L,ENST00000558013,649,T,P
3P5B,L,ENST00000558013,650,T,E
3P5B,L,ENST00000558013,651,L,D
3P5B,L,ENST00000558013,652,S,M
3P5B,L,ENST00000558013,653,N,V
3P5B,L,ENST00000558013,654,G,L
3P5B,L,ENST00000558013,655,G,F
3P5B,L,ENST00000558013,656,C,H
3P5B,L,ENST00000558013,657,Q,N
3P5B,L,ENST00000558013,658,Y,L
3P5B,L,ENST00000558013,659,L,T
3P5B,L,ENST00000558013,660,C,Q
3P5B,L,ENST00000558013,661,L,P
3P5B,L,ENST00000558013,662,P,R
3P5B,L,ENST00000558013,663,A,G
3P5B,L,ENST00000558013,664,P,V
3P5B,L,ENST00000558013,665,Q,N
3P5B,L,ENST00000558013,666,I,W
3P5B,L,ENST00000558013,667,N,C
3P5B,L,ENST00000558013,668,P,E
3P5B,L,ENST00000558013,669,H,R
3P5B,L,ENST00000558013,670,S,T
3P5B,L,ENST00000558013,671,P,T
3P5B,L,ENST00000558013,672,K,L
3P5B,L,ENST00000558013,673,F,S
3P5B,L,ENST00000558013,674,T,N
3P5B,L,ENST00000558013,675,C,G
3P5B,L,ENST00000558013,676,A,G
3P5B,L,ENST00000558013,677,C,C
3P5B,L,ENST00000558013,678,P,Q
3P5B,L,ENST00000558013,679,D,Y
3P5B,L,ENST00000558013,680,G,L
3P5B,L,ENST00000558013,681,M,C
3P5B,L,ENST00000558013,682,L,L
3P5B,L,ENST00000558013,683,L,P
3P5B,L,ENST00000558013,684,A,A
3P5B,L,ENST00000558013,685,R,P
3P5B,L,ENST00000558013,686,D,Q
3P5B,L,ENST00000558013,687,M,I
3P5B,L,ENST00000558013,688,R,N
3P5B,L,ENST00000558013,689,S,P
3P5B,L,ENST00000558013,690,C,H
3P5B,L,ENST00000558013,691,L,S
3P5B,L,ENST00000558013,692,T,P
3P5B,L,ENST00000558013,693,E,K
3P5B,L,ENST00000558013,694,A,F
